Date,Close/Last,Volume,Open,High,Low,Day,Source
02/24/2020,368.7,6936418,364.76,372.82,361,0,nasdaq
02/25/2020,360.09,6481243,372,375.65,357.72,1,nasdaq
02/26/2020,379.24,8961126,366.31,382,365,2,nasdaq
02/27/2020,371.71,10967700,371.46,391.5624,370.5962,3,nasdaq
02/28/2020,369.03,11178570,364.21,376.77,356.8,4,nasdaq
03/02/2020,381.05,6997891,373.11,381.36,364.502,5,nasdaq
03/03/2020,368.77,8364623,381.03,393.52,367.4,6,nasdaq
03/04/2020,383.79,5487340,377.77,384.01,370.51,7,nasdaq
03/05/2020,372.78,8746985,381,391.4,368.6401,8,nasdaq
03/06/2020,368.97,8147165,367.7,371.31,356.85,9,nasdaq
03/09/2020,346.49,7405458,343.86,357.47,341.7209,10,nasdaq
03/10/2020,364.13,7604444,356.425,364.54,347.85,11,nasdaq
03/11/2020,349.92,6058782,358.92,362.98,344.79,12,nasdaq
03/12/2020,315.25,12071590,326.5,335.72,307.32,13,nasdaq
03/13/2020,336.295,9458197,330.51,336.42,307.39,14,nasdaq
03/16/2020,298.84,10559940,306.63,334.35,294.75,15,nasdaq
03/17/2020,319.75,10013910,306.19,322.9,290.25,16,nasdaq
03/18/2020,315.47,12593650,302.395,331.5794,300,17,nasdaq
03/19/2020,332.03,10615960,324.33,348.51,316.82,18,nasdaq
03/20/2020,332.83,10853850,342.31,350.49,332,19,nasdaq
03/23/2020,360.27,13449380,347.89,366.11,340.8838,20,nasdaq
03/24/2020,357.32,11638680,369.99,372.93,353.0301,21,nasdaq
03/25/2020,342.39,8767171,361.02,362,339.17,22,nasdaq
03/26/2020,362.99,7235016,344,363.84,341.73,23,nasdaq
03/27/2020,357.12,7948775,359.09,368.56,353,24,nasdaq
03/30/2020,370.96,8621964,363,377.8,361.17,25,nasdaq
03/31/2020,375.5,9366464,367.93,383.01,366.44,26,nasdaq
04/01/2020,364.08,6672454,376.05,380.233,361.02,27,nasdaq
04/02/2020,370.08,4592477,364.08,370.99,360.06,28,nasdaq
04/03/2020,361.76,4860768,367.47,370.9,357.51,29,nasdaq
04/06/2020,379.96,8183921,365.22,380.29,361.71,30,nasdaq
04/07/2020,372.28,7046438,380,381.33,369.34,31,nasdaq
04/08/2020,371.12,6908879,374.01,378.39,368.31,32,nasdaq
04/09/2020,370.72,7711296,371.06,372.1,363.03,33,nasdaq
04/13/2020,396.72,11692920,371.31,400.51,367.7003,34,nasdaq
04/14/2020,413.55,11580980,397.5,417.82,394.8468,35,nasdaq
04/15/2020,426.75,13561220,413,434.98,412.25,36,nasdaq
04/16/2020,439.17,16128670,437,449.52,431.61,37,nasdaq
04/17/2020,422.96,12616260,431,432,414.695,38,nasdaq
04/20/2020,437.49,12655820,435.17,444.49,430.56,39,nasdaq
04/21/2020,433.83,23177550,444.77,447,425.6,40,nasdaq
04/22/2020,421.42,21123770,429.725,433,413,41,nasdaq
04/23/2020,426.7,13952330,419.26,438.413,419.26,42,nasdaq
04/24/2020,424.99,8670362,425,427.17,415.88,43,nasdaq
04/27/2020,421.38,6277480,425,429,420.84,44,nasdaq
04/28/2020,403.83,10101230,419.99,421,402.9101,45,nasdaq
04/29/2020,411.89,9693137,399.53,415.86,393.6,46,nasdaq
04/30/2020,419.85,7953975,410.31,424.44,408,47,nasdaq
05/01/2020,415.27,8299858,415.1,427.97,411.73,48,nasdaq
05/04/2020,428.15,7799058,417.78,428.54,414.87,49,nasdaq
05/05/2020,424.68,6286293,427.555,431,421.56,50,nasdaq
05/06/2020,434.26,6660737,429.3,439.77,426.385,51,nasdaq
05/07/2020,436.53,5650281,436.89,438.88,430.66,52,nasdaq
05/08/2020,435.55,5054308,434.14,442,433.6389,53,nasdaq
05/11/2020,440.52,5486037,436.33,444.8899,435.56,54,nasdaq
05/12/2020,431.82,4598211,442,444.17,431.36,55,nasdaq
05/13/2020,438.27,7014563,435.69,447,427.27,56,nasdaq
05/14/2020,441.95,9007467,444.9,452.38,432.82,57,nasdaq
05/15/2020,454.19,7243998,440.7,455,437.51,58,nasdaq
05/18/2020,452.58,7780309,451.16,456.36,443.35,59,nasdaq
05/19/2020,451.04,4810487,453.397,458.97,450.465,60,nasdaq
05/20/2020,447.67,5607257,454.25,455.81,444,61,nasdaq
05/21/2020,436.25,9117325,448.56,448.96,430.25,62,nasdaq
05/22/2020,429.32,5422334,437,439.09,427.18,63,nasdaq
05/26/2020,414.77,7881115,427.77,428.5,413.14,64,nasdaq
05/27/2020,419.89,10446340,410.38,420.02,397.86,65,nasdaq
05/28/2020,413.44,5660160,417.24,422.3717,411.5,66,nasdaq
05/29/2020,419.73,5270484,417.46,420.295,411.85,67,nasdaq
06/01/2020,425.92,3748573,418.83,426.72,415.98,68,nasdaq
06/02/2020,427.31,3494801,425.87,427.59,419.46,69,nasdaq
06/03/2020,421.97,4316044,426.95,427.1,418.05,70,nasdaq
06/04/2020,414.33,5410529,422.39,428.71,410.03,71,nasdaq
06/05/2020,419.6,5099561,407.29,420.2392,404.25,72,nasdaq
06/08/2020,419.49,5851453,416,420.8,406.5,73,nasdaq
06/09/2020,434.05,6796999,421.65,434.73,420.31,74,nasdaq
06/10/2020,434.48,4896893,436,439.69,430.55,75,nasdaq
06/11/2020,425.56,7462868,428.2,445.57,424.1601,76,nasdaq
06/12/2020,418.07,6461127,429,434.06,412.45,77,nasdaq
06/15/2020,425.5,4471499,421.4,426.49,415.4238,78,nasdaq
06/16/2020,436.13,5514016,425.76,437.96,425.18,79,nasdaq
06/17/2020,447.77,6529568,441.82,450.46,439.22,80,nasdaq
06/18/2020,449.87,4277627,448.73,452.76,442.8,81,nasdaq
06/19/2020,453.72,5933651,449.12,453.97,445.6,82,nasdaq
06/22/2020,468.04,6272105,455.01,468.59,454.21,83,nasdaq
06/23/2020,466.26,5948436,466.5,474.01,464.5,84,nasdaq
06/24/2020,457.85,4826191,468.54,472.36,454,85,nasdaq
06/25/2020,465.91,4134513,458.86,467.01,454,86,nasdaq
06/26/2020,443.4,6804726,466.39,468.03,442.24,87,nasdaq
06/29/2020,447.24,4843978,445.23,447.67,432.14,88,nasdaq
06/30/2020,455.04,4198545,450.02,457.59,447,89,nasdaq
07/01/2020,485.64,9705870,454,488.23,454,90,nasdaq
07/02/2020,476.89,6351485,485.64,492.28,475.5258,91,nasdaq
07/06/2020,493.81,7838990,480.77,499.5,479.8,92,nasdaq
07/07/2020,493.16,5669870,497.311,504.82,490.83,93,nasdaq
07/08/2020,502.78,5691682,498.576,505.1,493.81,94,nasdaq
07/09/2020,507.76,5840541,508.4,510,495.78,95,nasdaq
07/10/2020,548.73,21605590,519.73,555.8799,511.28,96,nasdaq
07/13/2020,525.5,18399020,567.98,575.37,520.96,97,nasdaq
07/14/2020,524.88,15083300,517.08,525.5,490.49,98,nasdaq
07/15/2020,523.26,10066650,516.3,529,510.18,99,nasdaq
07/16/2020,527.39,24498990,526.48,535.54,504.3627,100,nasdaq
07/17/2020,492.99,24991350,494.87,503.59,484.14,101,nasdaq
07/20/2020,502.41,11940310,489.14,504.5,484.2001,102,nasdaq
07/21/2020,490.1,9127218,506,506.22,488.61,103,nasdaq
07/22/2020,489.82,6954078,492.19,497.2,487.2,104,nasdaq
07/23/2020,477.58,7722034,491.13,491.9,472.0201,105,nasdaq
07/24/2020,480.45,7746247,468.77,487.17,467.54,106,nasdaq
07/27/2020,495.65,7863069,484.51,496.92,482.31,107,nasdaq
07/28/2020,488.51,5986727,496.02,497.7927,487.7601,108,nasdaq
07/29/2020,484.48,6611769,492.25,494.92,484.13,109,nasdaq
07/30/2020,485.8,6608569,480.7072,488.35,477.5101,110,nasdaq
07/31/2020,488.88,5924310,488.29,494.8,484.5,111,nasdaq
08/03/2020,498.62,5876190,490.86,503.09,490.23,112,nasdaq
08/04/2020,509.64,5607968,498.65,510.4436,498.65,113,nasdaq
08/05/2020,502.11,4313526,508.68,510.1021,501.2,114,nasdaq
08/06/2020,509.08,3725861,504.11,510.82,498.7,115,nasdaq
08/07/2020,494.73,5910348,505.45,508.29,486.68,116,nasdaq
08/10/2020,483.38,4691185,493.35,497.4584,478.6269,117,nasdaq
08/11/2020,466.93,7329226,479.75,480.92,466.55,118,nasdaq
08/12/2020,475.47,5441243,471.34,482.49,470.18,119,nasdaq
08/13/2020,481.33,3008933,478.4,484.45,476.45,120,nasdaq
08/14/2020,482.68,2943487,482.82,488.325,480.21,121,nasdaq
08/17/2020,482.35,2423545,484.19,486.24,479.1,122,nasdaq
08/18/2020,491.87,3505518,484.35,495.3,482.8,123,nasdaq
08/19/2020,484.53,3156218,493.93,494.4985,483.5,124,nasdaq
08/20/2020,497.9,5132480,484.69,498.94,483.89,125,nasdaq
08/21/2020,492.31,3921293,496.46,498.13,490,126,nasdaq
08/24/2020,488.81,4762183,495.438,501,483.16,127,nasdaq
08/25/2020,490.58,5727721,488.19,492.47,485.09,128,nasdaq
08/26/2020,547.53,20373680,492.5,549.04,492.075,129,nasdaq
08/27/2020,526.27,9062912,537.775,541,521.2471,130,nasdaq
08/28/2020,523.89,4417517,532,539,522,131,nasdaq
08/31/2020,529.56,4941409,521.16,531.99,517.58,132,nasdaq
09/01/2020,556.55,9581907,532.6,557.3895,532.45,133,nasdaq
09/02/2020,552.84,5886930,553.78,556.5,537.369,134,nasdaq
09/03/2020,525.75,9071089,545,554,521.32,135,nasdaq
09/04/2020,516.05,8270118,520.18,527.36,485.98,136,nasdaq
09/08/2020,507.02,5572684,498.4,522,495,137,nasdaq
09/09/2020,500.19,6848127,519.21,520,492.5743,138,nasdaq
09/10/2020,480.67,6240181,503.35,506.29,478.84,139,nasdaq
09/11/2020,482.03,5035200,486.485,493.73,476.81,140,nasdaq
09/14/2020,476.26,7359126,480.62,488.99,471.3001,141,nasdaq
09/15/2020,495.99,5336992,484,497.47,481.63,142,nasdaq
09/16/2020,483.86,4401412,499.99,504.66,483.31,143,nasdaq
09/17/2020,470.2,5379301,475.16,478.4,463.27,144,nasdaq
09/18/2020,469.96,6717711,472.51,479.4,458.6,145,nasdaq
09/21/2020,487.35,5457539,467.692,487.775,466.32,146,nasdaq
09/22/2020,491.17,3482324,489.01,491.82,479.26,147,nasdaq
09/23/2020,470.61,3726423,491.04,491.04,469,148,nasdaq
09/24/2020,473.08,3727201,470.53,477,467.82,149,nasdaq
09/25/2020,482.88,3769436,474.39,484.87,468.0258,150,nasdaq
09/28/2020,490.65,4773497,489.109,492,477.88,151,nasdaq
09/29/2020,493.48,3543193,489.5,496.2868,486.53,152,nasdaq
09/30/2020,500.03,4634111,492.57,504.63,489.2704,153,nasdaq
10/01/2020,527.51,8153710,506.03,529.55,503.6,154,nasdaq
10/02/2020,503.06,6071165,516.43,526.3714,502.7,155,nasdaq
10/05/2020,520.65,4088069,506.8,520.99,501.6997,156,nasdaq
10/06/2020,505.87,4199034,518.72,521.82,504.16,157,nasdaq
10/07/2020,534.66,7988683,518,536.49,515.815,158,nasdaq
10/08/2020,531.79,5386488,533.48,535,524.15,159,nasdaq
10/09/2020,539.44,4781259,537.834,544.28,535,160,nasdaq
10/12/2020,539.81,5391074,548.81,551.81,538.24,161,nasdaq
10/13/2020,554.09,5602498,540.56,557.65,537.2,162,nasdaq
10/14/2020,541.45,9510081,562.61,572.49,541,163,nasdaq
10/15/2020,541.94,5113126,545.52,551.22,535.1,164,nasdaq
10/16/2020,530.79,6347363,549.5,554.33,530.03,165,nasdaq
10/19/2020,530.72,7567506,537.07,541.8,525.38,166,nasdaq
10/20/2020,525.42,10047180,528.14,533.78,522.26,167,nasdaq
10/21/2020,489.05,17405710,501.03,506.85,488.25,168,nasdaq
10/22/2020,485.23,6997922,494.69,495.14,482,169,nasdaq
10/23/2020,488.28,4927862,488.11,490.06,481.35,170,nasdaq
10/26/2020,488.24,6186087,487.025,496.82,478.9,171,nasdaq
10/27/2020,488.93,3627175,490.01,490.49,482.93,172,nasdaq
10/28/2020,486.24,5992731,486.36,494,483.28,173,nasdaq
10/29/2020,504.21,11120690,488.5,513.8999,479.34,174,nasdaq
10/30/2020,475.74,7813897,502.01,505.88,472.21,175,nasdaq
11/02/2020,484.12,4408193,478.87,486.3,475,176,nasdaq
11/03/2020,487.22,3690213,484.93,495.305,478.76,177,nasdaq
11/04/2020,496.95,5137330,495.36,507.73,493.98,178,nasdaq
11/05/2020,513.76,5372781,506.56,518.7337,503.45,179,nasdaq
11/06/2020,514.73,4236349,515,515.21,502.51,180,nasdaq
11/09/2020,470.5,10419680,485.54,495.85,467.26,181,nasdaq
11/10/2020,480.24,8306142,470.95,484.6,463.41,182,nasdaq
11/11/2020,490.76,5460532,483,491.68,478.26,183,nasdaq
11/12/2020,486.77,5071155,491,496.52,480.4255,184,nasdaq
11/13/2020,482.84,3006510,486.77,488.94,477.8,185,nasdaq
11/16/2020,479.1,3953563,480,485.58,477.3,186,nasdaq
11/17/2020,480.63,3698082,480.12,487.51,478.8525,187,nasdaq
11/18/2020,481.79,3629237,481.95,488.61,477.7212,188,nasdaq
11/19/2020,484.67,2254653,482,487.8,480.47,189,nasdaq
11/20/2020,488.24,4255924,485.22,494.76,481.57,190,nasdaq
11/23/2020,476.62,5416571,490.46,491.15,475.84,191,nasdaq
11/24/2020,482.88,3557894,478.84,484.05,475.89,192,nasdaq
11/25/2020,485,3598629,485.13,486.9,478.919,193,nasdaq
11/27/2020,491.36,2805762,486.58,493.25,481.845,194,nasdaq
11/30/2020,490.7,3530940,490.08,492.55,481.2678,195,nasdaq
12/01/2020,504.58,5063234,492.3404,509.47,491.9812,196,nasdaq
12/02/2020,503.38,3028358,501.62,506.795,493.5,197,nasdaq
12/03/2020,497.52,2826116,502.99,508.77,496.04,198,nasdaq
12/04/2020,498.31,3666243,497.5,504.5,493.64,199,nasdaq
12/07/2020,515.78,4289293,500.01,517.76,497.77,200,nasdaq
12/08/2020,512.66,4228950,517.9,521.4909,505.55,201,nasdaq
12/09/2020,493.6,4178768,510.53,514.5,491.29,202,nasdaq
12/10/2020,501.09,3018203,494.56,503.77,492.91,203,nasdaq
12/11/2020,503.22,3210928,495,503.34,494.85,204,nasdaq
12/14/2020,522.42,5770424,505.44,524.1603,501.18,205,nasdaq
12/15/2020,519.78,3398209,518.5,524.7,513.56,206,nasdaq
12/16/2020,524.83,3682392,520.11,527.38,517.69,207,nasdaq
12/17/2020,532.9,3193377,529,535.49,526.44,208,nasdaq
12/18/2020,534.45,4502692,533.2,536.37,526.02,209,nasdaq
12/21/2020,528.91,3893964,530.05,532.62,521.15,210,nasdaq
12/22/2020,527.33,1908529,527.69,530.4,520.5,211,nasdaq
12/23/2020,514.48,2393187,524.76,526.32,514.2,212,nasdaq
12/24/2020,513.97,1143952,515.12,519.345,512.2104,213,nasdaq
12/28/2020,519.12,2891867,516.43,523.66,507.13,214,nasdaq
12/29/2020,530.87,4022358,519.9,536.5478,515.4801,215,nasdaq
12/30/2020,524.59,1876286,530.13,533.2575,523.69,216,nasdaq
12/31/2020,540.73,5392322,525.53,545.5,523.1502,217,nasdaq
01/04/2021,522.86,4444407,539,540.8,515.085,218,nasdaq
01/05/2021,520.8,3133872,521.55,526.78,515.89,219,nasdaq
01/06/2021,500.49,5346210,511.97,513.0998,499.5,220,nasdaq
01/07/2021,508.89,3686448,508.28,516.44,506.42,221,nasdaq
01/08/2021,510.4,2973949,511.31,513.24,504.51,222,nasdaq
01/11/2021,499.1,3812720,507.84,510.725,497.95,223,nasdaq
01/12/2021,494.25,5990425,500,501.09,485.6701,224,nasdaq
01/13/2021,507.79,5032099,495.5012,512.3542,493.01,225,nasdaq
01/14/2021,500.86,4177357,507.35,514.5,499.58,226,nasdaq
01/15/2021,497.98,5895788,500,506.32,495.1,227,nasdaq
01/19/2021,501.77,12315810,501,509.25,493.5427,228,nasdaq
01/20/2021,586.34,32637450,565.42,593.2877,556.86,229,nasdaq
01/21/2021,579.84,11840630,582.45,588.75,570.4,230,nasdaq
01/22/2021,565.17,7550822,582.1,583.99,564.35,231,nasdaq
01/25/2021,556.78,7207329,567,569.75,548.65,232,nasdaq
01/26/2021,561.93,5023847,554.73,567.99,554.06,233,nasdaq
01/27/2021,523.28,8670277,550.71,556.4187,515.73,234,nasdaq
01/28/2021,538.6,5968978,535.88,553.1482,530.74,235,nasdaq
01/29/2021,532.39,4325264,538,541,530.18,236,nasdaq
02/01/2021,539.04,3547507,536.79,545.06,531.73,237,nasdaq
02/02/2021,548.16,3767569,542.01,555.48,538.935,238,nasdaq
02/03/2021,539.45,3172288,550.17,550.48,538.243,239,nasdaq
02/04/2021,552.16,5164537,539.81,559.48,537.51,240,nasdaq
02/05/2021,550.79,2376175,552.26,554.44,545.4778,241,nasdaq
02/08/2021,547.92,2791721,555,555,543.7,242,nasdaq
02/09/2021,559.07,3703499,546,566,543,243,nasdaq
02/10/2021,563.59,3991264,562.5,566.65,553.463,244,nasdaq
02/11/2021,557.59,2730587,564.442,565.93,554.22,245,nasdaq
02/12/2021,556.52,2197128,556.94,561.2499,550.85,246,nasdaq
02/16/2021,557.28,2624097,557.286,563.63,552.73,247,nasdaq
02/17/2021,551.34,2071590,550.99,555.25,543.03,248,nasdaq
02/18/2021,548.22,2457604,549,550,538.2265,249,nasdaq
02/19/2021,540.22,2841457,548,548.99,538.8132,250,nasdaq
02/22/2021,533.78,3078594,534.99,541.79,530.79,251,nasdaq
02/23/2021,546.15,4136532,525.004,548.54,518.28,252,nasdaq
02/24/2021,553.41,3245038,539.8,556.8499,539.065,253,nasdaq
02/25/2021,546.7,4252879,550.27,556.48,535.75,254,nasdaq
02/26/2021,538.85,3755574,546.51,553.09,538,255,nasdaq
03/01/2021,550.64,3042180,545.573,552.14,542,256,nasdaq
03/02/2021,547.82,3042226,553.34,556.99,546.02,257,nasdaq
03/03/2021,520.7,5362443,545.93,548.005,517.81,258,nasdaq
03/04/2021,511.29,5034792,521.5,531.5,507.68,259,nasdaq
03/05/2021,516.39,5069973,511.98,517.76,498.7901,260,nasdaq
03/08/2021,493.33,3981758,514.46,518.84,492.85,261,nasdaq
03/09/2021,506.44,3470042,507.31,513.11,503.8221,262,nasdaq
03/10/2021,504.54,3771484,513.5,518.97,504.25,263,nasdaq
03/11/2021,523.06,4714469,512.205,530.235,510.71,264,nasdaq
03/12/2021,518.02,3981743,512.5,526.51,506.59,265,nasdaq
03/15/2021,520.25,3485519,516.32,520.729,508.03,266,nasdaq
03/16/2021,524.03,3238888,524.47,533.42,523.21,267,nasdaq
03/17/2021,524.44,2817376,522,528.3654,514.3,268,nasdaq
03/18/2021,504.79,4096606,516.396,517.9,503.85,269,nasdaq
03/19/2021,512.18,4386360,504.96,513.19,501.63,270,nasdaq
03/22/2021,523.11,3360587,509.13,529.31,509.13,271,nasdaq
03/23/2021,535.09,5583461,529.87,543.12,529.4,272,nasdaq
03/24/2021,520.81,4102211,533.78,534.42,520,273,nasdaq
03/25/2021,502.86,4926764,516.99,518.53,497,274,nasdaq
03/26/2021,508.05,3467797,502.82,508.72,496.68,275,nasdaq
03/29/2021,513.95,3330049,505.66,518,504.4,276,nasdaq
03/30/2021,513.39,2418129,510.505,514.41,506.91,277,nasdaq
03/31/2021,521.66,3503111,515.675,528.13,515.44,278,nasdaq
04/01/2021,539.42,3938637,529.93,540.5,527.03,279,nasdaq
04/05/2021,540.67,3355904,540.01,542.85,529.23,280,nasdaq
04/06/2021,544.53,3474205,544.81,554.165,543.3,281,nasdaq
04/07/2021,546.99,2151319,543.5,549.64,541.45,282,nasdaq
04/08/2021,554.58,4309829,551.13,556.899,547.57,283,nasdaq
04/09/2021,555.31,2894034,552.69,556.9,547.11,284,nasdaq
04/12/2021,552.78,2944060,551.05,557.98,549.58,285,nasdaq
04/13/2021,553.73,2720344,557,559.75,550.3,286,nasdaq
04/14/2021,540.02,3740294,554.87,554.87,538.53,287,nasdaq
04/15/2021,549.22,3139050,544.17,553.49,542.66,288,nasdaq
04/16/2021,546.54,3209075,550.54,551.98,539.51,289,nasdaq
04/19/2021,554.44,4288715,546.9,556.44,545.53,290,nasdaq
04/20/2021,549.57,11257650,554.42,563.56,546.3,291,nasdaq
04/21/2021,508.9,22897450,508,515.46,503.6001,292,nasdaq
04/22/2021,508.78,9061062,513.82,513.96,500.55,293,nasdaq
04/23/2021,505.55,7314659,509.01,509.7,500.7,294,nasdaq
04/26/2021,510.3,4388839,506.76,510.48,503,295,nasdaq
04/27/2021,505.55,3761327,512.62,512.99,504.5808,296,nasdaq
04/28/2021,506.52,3192983,505.2,508.395,503.34,297,nasdaq
04/29/2021,509,5127792,507.6,509.29,499,298,nasdaq
04/30/2021,513.47,4413242,505,514.55,505,299,nasdaq
05/03/2021,509.11,4091895,512.65,518.95,505.2,300,nasdaq
05/04/2021,503.18,4349502,510.78,511.63,496.79,301,nasdaq
05/05/2021,496.08,3129366,504.99,507.7843,494.63,302,nasdaq
05/06/2021,499.55,3783698,495.99,499.55,491.37,303,nasdaq
05/07/2021,503.84,3132786,504.62,508.55,501.12,304,nasdaq
05/10/2021,486.69,5131632,502,503.15,486.11,305,nasdaq
05/11/2021,495.08,4401000,479.75,497.99,478.63,306,nasdaq
05/12/2021,484.98,4121540,486.83,493.54,482.7,307,nasdaq
05/13/2021,486.66,2716561,489.13,490.775,482.71,308,nasdaq
05/14/2021,493.37,2882464,487.86,494.85,486.59,309,nasdaq
05/17/2021,488.94,2701057,485.59,492.71,482.81,310,nasdaq
05/18/2021,486.28,2350496,488.395,493.4778,486.1895,311,nasdaq
05/19/2021,487.7,3349930,481.625,488.57,478.54,312,nasdaq
05/20/2021,501.67,3721218,489.55,502.7,488.975,313,nasdaq
05/21/2021,497.89,3322925,503.12,505.4,497.26,314,nasdaq
05/24/2021,502.9,2412595,501.05,504.25,499.51,315,nasdaq
05/25/2021,501.34,2699459,506,506.365,499.22,316,nasdaq
05/26/2021,502.36,2465303,502.34,504.14,500.5,317,nasdaq
05/27/2021,503.86,3253773,501.8,505.1,498.54,318,nasdaq
05/28/2021,502.81,2911297,504.4,511.76,502.53,319,nasdaq
06/01/2021,499.08,2482555,504.01,505.41,497.7443,320,nasdaq
06/02/2021,499.24,2268979,499.82,503.22,495.82,321,nasdaq
06/03/2021,489.43,3887445,495.19,496.66,487.25,322,nasdaq
06/04/2021,494.74,3160487,492,501.86,490.95,323,nasdaq
06/07/2021,494.66,2791932,492.917,496.7,490.55,324,nasdaq
06/08/2021,492.39,2374037,497,498.82,489.37,325,nasdaq
06/09/2021,485.81,3055029,494.5,496.09,484.65,326,nasdaq
06/10/2021,487.27,4382928,487.165,490.21,482.14,327,nasdaq
06/11/2021,488.77,3123969,490,491.41,487.78,328,nasdaq
06/14/2021,499.89,4400222,489.68,503.5,486.91,329,nasdaq
06/15/2021,491.9,3104073,501.23,501.23,490.4,330,nasdaq
06/16/2021,492.41,3533206,495,496.46,486.28,331,nasdaq
06/17/2021,498.34,3198273,490.25,501.8,490.15,332,nasdaq
06/18/2021,500.77,5197576,496.4,504.49,495.24,333,nasdaq
06/21/2021,497,5277297,501.64,502.05,492.28,334,nasdaq
06/22/2021,508.82,5809271,498.54,513.55,495.795,335,nasdaq
06/23/2021,512.74,3944782,508.48,516.63,508.2,336,nasdaq
06/24/2021,518.06,3361202,517.96,520.96,514.4001,337,nasdaq
06/25/2021,527.07,5299072,528.84,533.06,525,338,nasdaq
06/28/2021,533.03,2820227,528.12,533.9399,524.56,339,nasdaq
06/29/2021,533.5,2314647,533.55,536.13,528.57,340,nasdaq
06/30/2021,528.21,2773445,534.055,534.38,526.82,341,nasdaq
07/01/2021,533.54,2805402,525.72,537.04,525.72,342,nasdaq
07/02/2021,533.98,1980316,535.5,538.5351,529.39,343,nasdaq
07/06/2021,541.64,2775051,533,542.86,533,344,nasdaq
07/07/2021,535.96,2722498,544.24,544.64,531.66,345,nasdaq
07/08/2021,530.76,3268988,530.93,535.5,529.09,346,nasdaq
07/09/2021,535.98,2777231,531,538.26,528.58,347,nasdaq
07/12/2021,537.31,1780738,540.3,540.6497,532.92,348,nasdaq
07/13/2021,540.68,2751593,535.76,545.33,535.76,349,nasdaq
07/14/2021,547.95,4659535,541.01,554.1,541.01,350,nasdaq
07/15/2021,542.95,5713873,553.97,557.5399,538.2,351,nasdaq
07/16/2021,530.31,3442101,541.81,544.06,527.05,352,nasdaq
07/19/2021,532.28,3885764,526.05,534.913,522.2401,353,nasdaq
07/20/2021,531.05,6930440,526.07,536.64,520.3,354,nasdaq
07/21/2021,513.63,11906790,526.13,530.99,505.61,355,nasdaq
07/22/2021,511.77,4328061,510.206,513.68,507,356,nasdaq
07/23/2021,515.41,3820478,512.16,517.41,504.66,357,nasdaq
07/26/2021,516.49,2254538,514.38,521.13,509.0101,358,nasdaq
07/27/2021,518.91,2759037,518.08,521.95,512.05,359,nasdaq
07/28/2021,519.3,2390466,521.82,524.47,516.98,360,nasdaq
07/29/2021,514.25,1736014,519.96,520.7799,513.7927,361,nasdaq
07/30/2021,517.57,2537107,512.69,519.79,510.9642,362,nasdaq
08/02/2021,515.15,2096632,519,519.85,510.51,363,nasdaq
08/03/2021,510.82,2579427,514.39,515.63,505.37,364,nasdaq
08/04/2021,517.35,2039374,513,517.98,510.37,365,nasdaq
08/05/2021,524.89,2556687,517.13,525.41,514.02,366,nasdaq
08/06/2021,520.55,1919798,524,526.84,519.39,367,nasdaq
08/09/2021,519.97,1367782,521.1469,522.6699,517.99,368,nasdaq
08/10/2021,515.84,1960544,520,520.79,512.965,369,nasdaq
08/11/2021,512.4,1673904,517,519.57,509.77,370,nasdaq
08/12/2021,510.72,1686170,511.86,513,507.2014,371,nasdaq
08/13/2021,515.92,2177736,512.64,521.44,511.51,372,nasdaq
08/16/2021,517.92,2033176,515.24,523.38,512.3,373,nasdaq
08/17/2021,518.91,2309803,515.465,520.79,514.2,374,nasdaq
08/18/2021,521.87,2582046,520,526.38,518.65,375,nasdaq
08/19/2021,543.71,7497292,522.74,548.39,521.87,376,nasdaq
08/20/2021,546.88,3776429,545.09,551.3883,539.1,377,nasdaq
08/23/2021,553.33,2602010,545.98,555.55,543.74,378,nasdaq
08/24/2021,553.41,2109525,551.484,555.3141,549.27,379,nasdaq
08/25/2021,547.58,2065621,550.16,552.84,545.45,380,nasdaq
08/26/2021,550.12,1595499,546.16,552.604,545.9,381,nasdaq
08/27/2021,558.92,3252595,551.6,564.17,549.25,382,nasdaq
08/30/2021,566.18,2434839,557.25,567.1648,556.45,383,nasdaq
08/31/2021,569.19,2431886,566.12,569.48,561.611,384,nasdaq
09/01/2021,582.07,5626214,569,591,569,385,nasdaq
09/02/2021,588.55,6184782,583.68,598.7567,583.68,386,nasdaq
09/03/2021,590.53,2684005,585.8,591.8783,583.14,387,nasdaq
09/07/2021,606.71,5830979,594.69,613.85,593.99,388,nasdaq
09/08/2021,606.05,5424503,603.84,615.6,595.71,389,nasdaq
09/09/2021,597.54,2954214,606.47,609.44,596.55,390,nasdaq
09/10/2021,598.72,3950764,598.16,609.45,593.67,391,nasdaq
09/13/2021,589.29,3062871,598.57,598.57,582.775,392,nasdaq
09/14/2021,577.76,3456958,584.89,587.28,575.56,393,nasdaq
09/15/2021,582.87,2755615,578.17,584.62,575.37,394,nasdaq
09/16/2021,586.5,1832028,584.3,587.48,577.72,395,nasdaq
09/17/2021,589.35,4145145,587.85,590.28,580.8501,396,nasdaq
09/20/2021,575.43,3732227,586.79,591.53,568.08,397,nasdaq
09/21/2021,573.14,2250884,578.31,581.88,569.37,398,nasdaq
09/22/2021,590.65,4021845,579.69,595.65,579.69,399,nasdaq
09/23/2021,593.26,2526161,590.79,599.32,589.1301,400,nasdaq
09/24/2021,592.39,2126246,592.5,592.98,583.64,401,nasdaq
09/27/2021,592.64,2504738,587.95,593.58,576.93,402,nasdaq
09/28/2021,583.85,4431051,589,599.5353,580.16,403,nasdaq
09/29/2021,599.06,6221026,589.01,609.8799,588.01,404,nasdaq
09/30/2021,610.34,6616040,608.05,619,608.05,405,nasdaq
10/01/2021,613.15,4090847,604.24,614.99,597.505,406,nasdaq
10/04/2021,603.35,4995932,613.39,626.125,594.68,407,nasdaq
10/05/2021,634.81,9534293,606.94,640.39,606.89,408,nasdaq
10/06/2021,639.1,4580434,628.18,639.8699,626.36,409,nasdaq
10/07/2021,631.85,3556886,642.225,646.84,630.45,410,nasdaq
10/08/2021,632.66,3272093,634.165,643.8,630.86,411,nasdaq
10/11/2021,627.04,2862470,633.195,639.42,626.78,412,nasdaq
10/12/2021,624.94,3227349,633.02,637.655,621.99,413,nasdaq
10/13/2021,629.76,2424638,632.1791,632.1791,622.1,414,nasdaq
10/14/2021,633.8,2672535,632.23,636.88,626.79,415,nasdaq
10/15/2021,628.29,4116874,638,639.42,625.16,416,nasdaq
10/18/2021,637.97,4669071,632.1,638.41,620.5901,417,nasdaq
10/19/2021,639,7633147,636.969,641,632.3,418,nasdaq
10/20/2021,625.14,10622000,625.573,637.4,617.15,419,nasdaq
10/21/2021,653.16,8437070,628.89,654.01,628.65,420,nasdaq
10/22/2021,664.78,6186016,651.81,665.46,651.81,421,nasdaq
10/25/2021,671.66,3833526,663.74,675.88,657.07,422,nasdaq
10/26/2021,668.52,2904840,673.76,676.4899,662.77,423,nasdaq
10/27/2021,662.92,2276914,669,671.41,661.85,424,nasdaq
10/28/2021,674.05,2859409,670.949,676.8,668.03,425,nasdaq
10/29/2021,690.31,3825279,673.06,690.9699,671.24,426,nasdaq
11/01/2021,681.17,3110911,689.06,689.97,676.54,427,nasdaq
11/02/2021,677.72,3888597,683.11,687.68,673.82,428,nasdaq
11/03/2021,688.29,2334852,677.27,689.39,677.27,429,nasdaq
11/04/2021,668.4,4865023,685.89,685.94,665.5,430,nasdaq
11/05/2021,645.72,5283488,663.97,665.64,645.01,431,nasdaq
11/08/2021,651.45,2887523,650.29,656,643.79,432,nasdaq
11/09/2021,655.99,2415630,653.7,660.5,650.52,433,nasdaq
11/10/2021,646.91,2405785,653.01,660.3306,642.11,434,nasdaq
11/11/2021,657.58,2868311,650.24,665.82,649.705,435,nasdaq
11/12/2021,682.61,4198410,660.01,683.34,653.82,436,nasdaq
11/15/2021,679.33,2872186,681.235,685.2599,671.49,437,nasdaq
11/16/2021,687.4,2077387,678.27,688.3599,676.9,438,nasdaq
11/17/2021,691.69,2732831,690,700.9894,686.09,439,nasdaq
11/18/2021,682.02,2014992,691.61,691.74,679.735,440,nasdaq
11/19/2021,678.8,2614852,692.35,694.16,675,441,nasdaq
11/22/2021,659.2,2765318,676.02,679.48,656.47,442,nasdaq
11/23/2021,654.06,2320917,658.18,666.43,646.05,443,nasdaq
11/24/2021,658.29,1867282,658.01,661.44,651.1,444,nasdaq
11/26/2021,665.64,2872513,675,676.405,660.67,445,nasdaq
11/29/2021,663.84,2529364,663.2,667.99,658.29,446,nasdaq
11/30/2021,641.9,5608919,668.198,675.38,640.01,447,nasdaq
12/01/2021,617.77,3897019,649.48,654.52,617.07,448,nasdaq
12/02/2021,616.47,3331131,617.1,625.36,612.88,449,nasdaq
12/03/2021,602.13,4829282,622.75,625.5,594,450,nasdaq
12/06/2021,612.69,3075672,606.01,617.29,601,451,nasdaq
12/07/2021,625.58,3125190,619.83,628.89,611.4,452,nasdaq
12/08/2021,628.08,2220308,630,632.455,623.2,453,nasdaq
12/09/2021,611,2376321,627.58,630.24,610.44,454,nasdaq
12/10/2021,611.66,2748774,616.78,617.74,605.88,455,nasdaq
12/13/2021,604.56,2517915,612,612.64,599.52,456,nasdaq
12/14/2021,597.99,2984536,598.71,602.29,588.13,457,nasdaq
12/15/2021,605.04,2866196,598.18,605.69,584.51,458,nasdaq
12/16/2021,591.06,3143217,597.09,602.8308,588,459,nasdaq
12/17/2021,586.73,4433706,591.61,593.25,581.74,460,nasdaq
12/20/2021,593.74,3358404,586.43,602.8847,584.26,461,nasdaq
12/21/2021,604.92,2319390,597.5434,607.82,593.8611,462,nasdaq
12/22/2021,614.24,2335745,603.36,614.82,602.63,463,nasdaq
12/23/2021,614.09,1621146,616.4,616.88,607.57,464,nasdaq
12/27/2021,613.12,2062233,615,615,609.25,465,nasdaq
12/28/2021,610.71,1884116,614.95,618.41,609.69,466,nasdaq
12/29/2021,610.54,1287513,610.71,613.98,604.68,467,nasdaq
12/30/2021,612.09,1625093,612.99,620.61,611.2401,468,nasdaq
12/31/2021,602.44,1995918,610.01,614.075,602.05,469,nasdaq
01/03/2022,597.37,3068808,605.61,609.99,590.56,470,nasdaq
01/04/2022,591.15,4393135,599.91,600.4099,581.6,471,nasdaq
01/05/2022,567.52,4148749,592,592.84,566.88,472,nasdaq
01/06/2022,553.29,5711795,554.34,563.36,542.01,473,nasdaq
01/07/2022,541.06,3382873,549.46,553.43,538.2175,474,nasdaq
01/10/2022,539.85,4486145,538.49,543.69,526.32,475,nasdaq
01/11/2022,540.84,3077836,536.99,543.91,530.07,476,nasdaq
01/12/2022,537.22,3787372,544.27,544.27,532.02,477,nasdaq
01/13/2022,519.2,4475063,537.06,540.79,518.26,478,nasdaq
01/14/2022,525.69,7861109,517.6,538.37,511.88,479,nasdaq
01/18/2022,510.8,4844418,520.08,521.75,508.68,480,nasdaq
01/19/2022,515.86,4353508,515,523.21,510.51,481,nasdaq
01/20/2022,508.25,12658990,517.75,526.64,506.93,482,nasdaq
01/21/2022,397.5,58904270,400.425,409.1499,379.99,483,nasdaq
01/24/2022,387.15,32386780,383.91,387.26,351.46,484,nasdaq
01/25/2022,366.42,15145820,379.14,387.71,365.13,485,nasdaq
01/26/2022,359.7,12683980,378.27,382.66,356.62,486,nasdaq
01/27/2022,386.7,24324750,382.06,394.8,378.1,487,nasdaq
01/28/2022,384.36,11966610,386.76,387,372.08,488,nasdaq
01/31/2022,427.14,20047450,401.97,427.7,398.2,489,nasdaq
02/01/2022,457.13,22568100,432.96,458.48,425.5401,490,nasdaq
02/02/2022,429.48,14346010,448.25,451.98,426.48,491,nasdaq
02/03/2022,405.6,9905210,421.44,429.26,404.28,492,nasdaq
02/04/2022,410.17,7789798,407.31,412.77,396.6391,493,nasdaq
02/07/2022,402.1,8232859,410.17,412.35,393.55,494,nasdaq
02/08/2022,403.53,6818543,398.18,406.61,395.83,495,nasdaq
02/09/2022,412.89,7738227,408.65,412.98,398.79,496,nasdaq
02/10/2022,406.27,8452915,402.1,408,396.36,497,nasdaq
02/11/2022,391.31,7558939,405.33,411.6103,387.65,498,nasdaq
02/14/2022,396.57,7202155,387.59,409.36,386.891,499,nasdaq
02/15/2022,407.46,5395641,403.79,409.1619,401.01,500,nasdaq
02/16/2022,398.08,5277650,401.53,401.56,390.3842,501,nasdaq
02/17/2022,386.67,4669222,394.235,399.11,385.7,502,nasdaq
02/18/2022,391.29,6801668,392.53,402.87,389.0466,503,nasdaq
02/22/2022,377.38,6697515,388.95,392.42,373.02,504,nasdaq
02/23/2022,367.46,4614290,382.72,386,366.66,505,nasdaq
02/24/2022,390.03,7068724,355.09,390.73,354.72,506,nasdaq
02/25/2022,390.8,4841636,386.61,391.29,375.58,507,nasdaq
02/28/2022,394.52,5035046,387.33,397.75,382.13,508,nasdaq
03/01/2022,386.24,3290439,391.6,395,383.705,509,nasdaq
03/02/2022,380.03,5356809,388.93,389.22,375.21,510,nasdaq
03/03/2022,368.07,6076836,386,386.12,364.65,511,nasdaq
03/04/2022,361.73,5329180,368,374.8186,357.17,512,nasdaq
03/07/2022,350.26,5708383,360.41,361.995,350.2,513,nasdaq
03/08/2022,341.76,6428655,349.8,358.86,340.67,514,nasdaq
03/09/2022,358.79,6520186,357.685,364.14,350.5089,515,nasdaq
03/10/2022,356.77,4807767,356.2,367.02,353.3,516,nasdaq
03/11/2022,340.32,4819925,361.19,363.36,340,517,nasdaq
03/14/2022,331.01,5907817,338.72,341.32,329.82,518,nasdaq
03/15/2022,343.75,5460640,335.1,345.36,332.36,519,nasdaq
03/16/2022,357.53,6982469,348.2,359.99,343.06,520,nasdaq
03/17/2022,371.4,5818348,359.7,373.31,354.88,521,nasdaq
03/18/2022,380.6,8324825,372,381.8,368.47,522,nasdaq
03/21/2022,374.59,4866463,378.02,381.82,368.94,523,nasdaq
03/22/2022,382.92,4242762,371.14,386.66,366.76,524,nasdaq
03/23/2022,374.49,3728954,379.77,382.46,374.49,525,nasdaq
03/24/2022,375.71,3888461,379.76,379.76,368.9,526,nasdaq
03/25/2022,373.85,3575953,377.07,377.64,366.43,527,nasdaq
03/28/2022,378.51,4323435,375.23,380.28,366.73,528,nasdaq
03/29/2022,391.82,5880723,384.39,396.5,380.33,529,nasdaq
03/30/2022,381.47,4023301,389.55,392.7,378.625,530,nasdaq
03/31/2022,374.59,4134720,383.59,384,373.61,531,nasdaq
04/01/2022,373.47,4644237,376.8,380.87,368.5,532,nasdaq
04/04/2022,391.5,7009235,373.55,396.02,373.13,533,nasdaq
04/05/2022,380.15,4234508,389.3,390,377.305,534,nasdaq
04/06/2022,368.35,4354885,374.15,376.4699,362.73,535,nasdaq
04/07/2022,362.15,4948909,365,368.54,353.6897,536,nasdaq
04/08/2022,355.88,4025183,361.96,362.5,354.865,537,nasdaq
04/11/2022,348,3777096,350,354.78,345.2,538,nasdaq
04/12/2022,344.1,3824261,355.91,359.41,342.25,539,nasdaq
04/13/2022,350.43,3230950,343.92,352,341.155,540,nasdaq
04/14/2022,341.13,4343837,350.95,352,339.86,541,nasdaq
04/18/2022,337.86,5105041,340,342.36,331.615,542,nasdaq
04/19/2022,348.61,20906890,333.22,351.68,333.22,543,nasdaq
04/20/2022,226.19,133387500,245.2,248.7,212.51,544,nasdaq
04/21/2022,218.22,53501600,220,227.68,211.52,545,nasdaq
04/22/2022,215.52,37515130,220.18,226.27,210.05,546,nasdaq
04/25/2022,209.91,28152050,213.81,216.66,204.51,547,nasdaq
04/26/2022,198.4,20318090,208.8,209.15,198.2773,548,nasdaq
04/27/2022,188.54,22298390,194.005,200.19,187.77,549,nasdaq
04/28/2022,199.52,21363160,191.56,201.48,185.6,550,nasdaq
04/29/2022,190.36,16391890,198.68,204.71,190,551,nasdaq
05/02/2022,199.46,14591600,191.71,200.2141,190.01,552,nasdaq
05/03/2022,199.87,11839430,198.29,203.2,194.77,553,nasdaq
05/04/2022,204.01,12218780,197.65,204.38,191.01,554,nasdaq
05/05/2022,188.32,13971330,200.45,200.71,186,555,nasdaq
05/06/2022,180.97,17185480,186.75,187.21,175.81,556,nasdaq
05/09/2022,173.1,14031330,177.655,183.2,172.3,557,nasdaq
05/10/2022,177.66,13883910,176.01,181.8712,170.57,558,nasdaq
05/11/2022,166.37,12665520,176.09,180.92,165.55,559,nasdaq
05/12/2022,174.31,17662120,163.96,177.58,162.71,560,nasdaq
05/13/2022,187.64,13136330,177.16,187.77,176.01,561,nasdaq
05/16/2022,186.51,16145010,193.3,195.89,185.7,562,nasdaq
05/17/2022,190.56,9876685,189.17,191.4,185.17,563,nasdaq
05/18/2022,177.19,9665632,186.72,187.7,176.27,564,nasdaq
05/19/2022,183.48,10448510,178.045,186.3,175.71,565,nasdaq
05/20/2022,186.35,10429400,185.867,190.19,179.77,566,nasdaq
05/23/2022,187.44,9602027,186.15,187.66,177.89,567,nasdaq
05/24/2022,180.34,7706372,182,184,177.17,568,nasdaq
05/25/2022,187.83,8522092,180.28,188.87,180.17,569,nasdaq
05/26/2022,191.4,8049933,186.49,192.3402,183.0916,570,nasdaq
05/27/2022,195.19,8585987,193.19,195.25,190.3722,571,nasdaq
05/31/2022,197.44,11398460,196.18,199.95,190.8,572,nasdaq
06/01/2022,192.91,8416151,198.7,202.74,191.6606,573,nasdaq
06/02/2022,205.09,9623121,192.02,205.47,191.72,574,nasdaq
06/03/2022,198.98,7191775,200.14,202.95,198.05,575,nasdaq
06/06/2022,197.14,5372043,202.09,203.87,195.38,576,nasdaq
06/07/2022,198.61,4839491,194.87,199.6,193,577,nasdaq
06/08/2022,202.83,7244121,197.95,207.38,197.64,578,nasdaq
06/09/2022,192.77,6948967,200.65,201.69,192.54,579,nasdaq
06/10/2022,182.94,13074280,182.64,185.86,180.85,580,nasdaq
06/13/2022,169.69,10222410,177.07,179.09,168.9571,581,nasdaq
06/14/2022,167.54,11555320,169.75,172.0622,164.28,582,nasdaq
06/15/2022,180.11,12396040,169.258,183.845,168.53,583,nasdaq
06/16/2022,173.35,8201306,174,176.27,171.56,584,nasdaq
06/17/2022,175.51,12133370,173.63,179.65,173.34,585,nasdaq
06/21/2022,170.91,12177590,177.6,178.6189,169.8,586,nasdaq
06/22/2022,178.89,12010620,170.75,182.82,170.2,587,nasdaq
06/23/2022,181.71,9538226,180.5,182.76,175.87,588,nasdaq
06/24/2022,190.85,12423970,183.5,191.19,181.84,589,nasdaq
06/27/2022,189.14,8363879,191.77,191.78,182.39,590,nasdaq
06/28/2022,179.6,7201897,189.2,192.2,179.37,591,nasdaq
06/29/2022,178.36,5766847,179.55,180.665,175.1,592,nasdaq
06/30/2022,174.87,7894710,177.07,179.45,170.3,593,nasdaq
07/01/2022,179.95,5201583,176.49,180.1,174.27,594,nasdaq
07/05/2022,185.88,7339023,176.28,185.92,172.6801,595,nasdaq
07/06/2022,184.06,5753385,185.2,186.22,180.82,596,nasdaq
07/07/2022,189.27,6334545,184.27,190.21,183.5,597,nasdaq
07/08/2022,186.975,5835680,186.02,189.91,182.75,598,nasdaq
07/11/2022,177.34,6048447,184.73,184.99,176.89,599,nasdaq
07/12/2022,174.45,6845264,177.33,179.7839,173.42,600,nasdaq
07/13/2022,176.56,12734420,170.5,179.18,169.702,601,nasdaq
07/14/2022,174.78,9039457,175.56,177.52,171.82,602,nasdaq
07/15/2022,189.11,16319120,175.58,189.22,174.56,603,nasdaq
07/18/2022,190.92,16322850,192.5,199.67,189.8,604,nasdaq
07/19/2022,201.63,28178720,193.02,201.97,188.4,605,nasdaq
07/20/2022,216.44,53920270,208.17,216.9699,200.1,606,nasdaq
07/21/2022,223.88,23430120,214.3,224.32,211.5,607,nasdaq
07/22/2022,220.44,17805450,222.38,229.35,218.44,608,nasdaq
07/25/2022,218.51,10935250,221.31,225.23,216.35,609,nasdaq
07/26/2022,213.91,9508532,216.66,219.39,211.64,610,nasdaq
07/27/2022,226.75,10508390,216.48,227.78,214.58,611,nasdaq
07/28/2022,226.02,8972738,224.6,228.1,219.67,612,nasdaq
07/29/2022,224.9,9064937,223.29,230.75,222.4,613,nasdaq
08/01/2022,226.21,5525044,223.095,228.39,221,614,nasdaq
08/02/2022,221.42,6361327,222.76,228.2,220.88,615,nasdaq
08/03/2022,226.73,6400701,224.79,228.1,222.42,616,nasdaq
08/04/2022,229.91,7142741,227.68,232.07,225.05,617,nasdaq
08/05/2022,226.78,5539733,225.3,228.62,222.87,618,nasdaq
08/08/2022,233.49,10997410,227.49,241.9599,226.41,619,nasdaq
08/09/2022,229.94,6181194,231.62,232.1999,224.65,620,nasdaq
08/10/2022,244.11,9254760,236.99,244.54,236.5958,621,nasdaq
08/11/2022,242.7,8780062,244.68,251.62,241.51,622,nasdaq
08/12/2022,249.3,6098531,244.81,249.41,243.76,623,nasdaq
08/15/2022,249.11,6527391,248.11,251.99,247.51,624,nasdaq
08/16/2022,245.69,5136806,247.16,249.29,244.03,625,nasdaq
08/17/2022,241.15,5627224,241.18,244.24,237.56,626,nasdaq
08/18/2022,245.17,5280387,241.96,246.4794,239.2801,627,nasdaq
08/19/2022,241.16,7504707,240.95,243.29,235.68,628,nasdaq
08/22/2022,226.54,8630094,232.55,233.475,224.59,629,nasdaq
08/23/2022,224.55,5276945,226.46,229.9,224.3,630,nasdaq
08/24/2022,229.61,5426316,225.66,234.1,223.94,631,nasdaq
08/25/2022,233.98,3766867,230.24,234.16,229,632,nasdaq
08/26/2022,223.28,5349848,233.625,236.95,223.15,633,nasdaq
08/29/2022,224.57,7109397,221.93,229.87,221.52,634,nasdaq
08/30/2022,220.65,5740434,226.66,229.79,218.74,635,nasdaq
08/31/2022,223.56,8615906,227,233.8787,223.43,636,nasdaq
09/01/2022,230.04,7292917,220.72,230.37,219.47,637,nasdaq
09/02/2022,226.11,8164883,231.03,233.8814,225.04,638,nasdaq
09/06/2022,218.39,7469016,225.59,226.85,214.69,639,nasdaq
09/07/2022,228.96,8149329,220.21,229.33,218.2681,640,nasdaq
09/08/2022,227.44,6737436,224.16,228.735,221.3,641,nasdaq
09/09/2022,233.57,6702060,229.62,234.7799,229.62,642,nasdaq
09/12/2022,236.53,6047425,233.61,239.49,233.37,643,nasdaq
09/13/2022,218.13,8000128,226.5,227.69,217.72,644,nasdaq
09/14/2022,224.12,8230340,219.82,228,215.8,645,nasdaq
09/15/2022,235.38,19454120,230.47,242.2871,229.1,646,nasdaq
09/16/2022,240.13,18914180,231.22,241.355,227.83,647,nasdaq
09/19/2022,243.63,17912370,245.05,245.25,235.75,648,nasdaq
09/20/2022,242.85,16037430,240.37,250.49,239.66,649,nasdaq
09/21/2022,236.87,9166772,242.67,248.2999,236.68,650,nasdaq
09/22/2022,237.05,10017970,235.35,240.5,231.66,651,nasdaq
09/23/2022,226.41,11207230,235.14,236.4499,221.43,652,nasdaq
09/26/2022,224.07,8234285,225.6,232.7,223.01,653,nasdaq
09/27/2022,224.36,7762223,228.63,230.64,220.72,654,nasdaq
09/28/2022,245.2,17579670,229.69,246.65,227.38,655,nasdaq
09/29/2022,239.71,18994940,241.61,246.98,235.68,656,nasdaq
09/30/2022,235.44,11848610,237,242.44,233.26,657,nasdaq
10/03/2022,239.04,8657443,237.85,241.54,232.85,658,nasdaq
10/04/2022,240.74,13925850,244.84,245.7999,233.25,659,nasdaq
10/05/2022,236.73,10825630,238.76,241.59,227.38,660,nasdaq
10/06/2022,240.02,9188940,236.68,244.28,233.9101,661,nasdaq
10/07/2022,224.75,9806128,235.77,237.33,224.28,662,nasdaq
10/10/2022,229.98,9991145,225.64,233.83,224.23,663,nasdaq
10/11/2022,214.29,15282410,226.05,230.44,213.7,664,nasdaq
10/12/2022,220.87,12952640,214.3,223.67,212.64,665,nasdaq
10/13/2022,232.51,17505010,212.69,234.47,211.73,666,nasdaq
10/14/2022,230,15293400,237.8,238.8,229.51,667,nasdaq
10/17/2022,245.1,21057820,234.41,249.9221,234.4,668,nasdaq
10/18/2022,240.86,25776730,249.8,250.37,237.73,669,nasdaq
10/19/2022,272.38,46685260,265,279.3,262.66,670,nasdaq
10/20/2022,268.16,17207100,272.78,278.3755,266.38,671,nasdaq
10/21/2022,289.57,24889060,268.95,290.75,265.68,672,nasdaq
10/24/2022,282.45,13326420,290.23,290.49,280.36,673,nasdaq
10/25/2022,291.02,15100720,286.95,297.59,285.5501,674,nasdaq
10/26/2022,298.62,15749250,290.04,305.63,288.04,675,nasdaq
10/27/2022,296.94,14612590,298.33,305.21,294.78,676,nasdaq
10/28/2022,295.72,9960547,297.7,301.19,292.2924,677,nasdaq
10/31/2022,291.88,7505133,295.13,297.6199,289.5,678,nasdaq
11/01/2022,286.75,6916424,296.17,299.7,286.42,679,nasdaq
11/02/2022,273,10367620,286.4,287.33,272.84,680,nasdaq
11/03/2022,269.06,7057350,271.25,276.29,268.8,681,nasdaq
11/04/2022,260.79,11124690,272.02,274.97,255.32,682,nasdaq
11/07/2022,258.6,7927033,261.06,261.155,252.09,683,nasdaq
11/08/2022,263.46,7683826,259.92,266.08,256.8801,684,nasdaq
11/09/2022,254.66,7265994,259.66,260.9,254.2202,685,nasdaq
11/10/2022,274.97,9667323,265.99,275.36,260.0901,686,nasdaq
11/11/2022,290.13,9573834,274.47,290.66,271.5577,687,nasdaq
11/14/2022,299.27,17973400,290,311,288.19,688,nasdaq
11/15/2022,310.2,14626930,309.2,312.71,302.55,689,nasdaq
11/16/2022,306.02,8038556,309.94,310.49,303.61,690,nasdaq
11/17/2022,295.28,9838220,294.72,299.82,291,691,nasdaq
11/18/2022,287.98,8400108,297.33,298,287,692,nasdaq
11/21/2022,285.05,7256507,291,291.87,282.66,693,nasdaq
11/22/2022,286.69,6245119,284.99,286.98,277.34,694,nasdaq
11/23/2022,291.5,5918988,285.91,292.47,283.76,695,nasdaq
11/25/2022,285.54,3235953,289,289.21,284.17,696,nasdaq
11/28/2022,281.17,4707049,284,289.55,280.53,697,nasdaq
11/29/2022,280.96,5786874,282.5,282.96,275.94,698,nasdaq
11/30/2022,305.53,16070120,281.37,308.26,280.41,699,nasdaq
12/01/2022,316.95,14664870,303.99,319.8,303.03,700,nasdaq
12/02/2022,320.41,12690600,310.49,321.99,310,701,nasdaq
12/05/2022,312.59,8423029,316.46,322.77,310.92,702,nasdaq
12/06/2022,305.56,7195395,311,313.2231,303.13,703,nasdaq
12/07/2022,308.42,7821634,306.5,309.61,302.1,704,nasdaq
12/08/2022,310.26,7205326,309.11,312.38,304.8098,705,nasdaq
12/09/2022,320.01,14364030,321.45,329,319.52,706,nasdaq
12/12/2022,315.18,10148610,320,323.18,308.85,707,nasdaq
12/13/2022,320.34,10756430,328,332.7236,317.199,708,nasdaq
12/14/2022,317.83,7543291,318.97,324.71,314.42,709,nasdaq
12/15/2022,290.41,17724560,302.12,303.39,286.55,710,nasdaq
12/16/2022,290.71,14080050,288.76,294.7199,288.7,711,nasdaq
12/19/2022,288.3,6163667,289.73,292.25,286.13,712,nasdaq
12/20/2022,288.19,6918114,281.24,289.28,280.81,713,nasdaq
12/21/2022,297.96,6376173,289.99,300.66,286.5,714,nasdaq
12/22/2022,297.75,7856192,298.09,298.88,290.8131,715,nasdaq
12/23/2022,294.965,4251108,296.18,298.4614,291.91,716,nasdaq
12/27/2022,284.17,5778098,293.19,293.57,282.13,717,nasdaq
12/28/2022,276.88,5964369,281.92,285.19,273.41,718,nasdaq
12/29/2022,291.12,9588527,283.18,295.4999,281.01,719,nasdaq
12/30/2022,294.88,7566892,285.53,295.01,283.22,720,nasdaq
01/03/2023,294.95,6763964,298.06,298.39,288.7,721,nasdaq
01/04/2023,309.41,9345054,298.24,311.135,295.51,722,nasdaq
01/05/2023,309.7,8328390,307,314.18,304.545,723,nasdaq
01/06/2023,315.55,8959839,311.57,316.77,303.69,724,nasdaq
01/09/2023,315.17,6766628,316.83,321.7,313.22,725,nasdaq
01/10/2023,327.54,13072290,311.07,329.35,311.07,726,nasdaq
01/11/2023,327.26,9579681,326.5,328.88,321.35,727,nasdaq
01/12/2023,330.13,10856250,332.5,332.95,323.14,728,nasdaq
01/13/2023,332.82,8286816,329.97,336.65,328.885,729,nasdaq
01/17/2023,326.22,9246987,331.08,332.5,323.6,730,nasdaq
01/18/2023,326.33,7814115,326.75,330.08,321.25,731,nasdaq
01/19/2023,315.78,18008200,322.57,324.89,313.39,732,nasdaq
01/20/2023,342.5,28430340,336.79,344,332.625,733,nasdaq
01/23/2023,357.42,15646850,341.715,362.2453,340.6329,734,nasdaq
01/24/2023,363.83,11796530,357.53,365.65,355.1401,735,nasdaq
01/25/2023,367.96,7766907,360.57,368.8999,358.501,736,nasdaq
01/26/2023,364.87,8256844,368.77,369.02,361.7,737,nasdaq
01/27/2023,360.77,6703548,363.2,365.92,360.59,738,nasdaq
01/30/2023,353.11,5127593,358.44,360.95,352.855,739,nasdaq
01/31/2023,353.86,5660738,349.98,355.95,348.71,740,nasdaq
02/01/2023,361.99,8005170,353.86,365.385,349.91,741,nasdaq
02/02/2023,366.89,7856952,365.16,368.32,358.43,742,nasdaq
02/03/2023,365.9,9402034,359.08,379.4301,359,743,nasdaq
02/06/2023,361.48,4994942,363.642,368.45,360.68,744,nasdaq
02/07/2023,362.95,6289368,358.51,364.1799,354.18,745,nasdaq
02/08/2023,366.83,6253179,360.02,368.193,358.31,746,nasdaq
02/09/2023,362.5,6901100,372.41,373.83,361.7444,747,nasdaq
02/10/2023,347.36,7291096,359.16,362.14,347.14,748,nasdaq
02/13/2023,358.57,7134445,349.5,359.7034,344.25,749,nasdaq
02/14/2023,359.96,4624758,357.55,363.75,353.4,750,nasdaq
02/15/2023,361.42,3969945,356.63,362.88,354.24,751,nasdaq
02/16/2023,350.71,5215726,355,361.5,350.31,752,nasdaq
02/17/2023,347.96,5294727,347.905,349,342.44,753,nasdaq
02/21/2023,337.5,5710292,342.85,344.1253,336.4177,754,nasdaq
02/22/2023,334.88,4546249,337.5,341.91,332.82,755,nasdaq
02/23/2023,323.65,13238670,331.23,331.28,314.3,756,nasdaq
02/24/2023,317.15,6830692,319.3,321.5,314.52,757,nasdaq
02/27/2023,323.03,6142580,323.87,330,322.121,758,nasdaq
02/28/2023,322.13,3676075,323.7,327.62,321.17,759,nasdaq
03/01/2023,313.48,4911311,321.55,326.6,312.36,760,nasdaq
03/02/2023,311.88,4921053,310.96,315.57,310.38,761,nasdaq
03/03/2023,315.18,5953319,315.45,317.49,310.82,762,nasdaq
03/06/2023,312.03,5660743,317,323.3,311.8412,763,nasdaq
03/07/2023,308.47,4553082,312.675,314.3,306.6226,764,nasdaq
03/08/2023,311.79,3479474,309.29,311.83,305.75,765,nasdaq
03/09/2023,297.78,7443350,312.08,312.51,294.88,766,nasdaq
03/10/2023,292.76,5759315,297.905,298.79,289,767,nasdaq
03/13/2023,293.51,6292385,287.34,299.24,285.3301,768,nasdaq
03/14/2023,294.94,5956692,295.97,297.45,290.31,769,nasdaq
03/15/2023,303.79,9215340,292.51,306.31,292.28,770,nasdaq
03/16/2023,310.06,7912371,304.75,316.6,301.71,771,nasdaq
03/17/2023,303.5,6918777,310.06,310.76,300,772,nasdaq
03/20/2023,305.13,5113430,299.79,307.5,296,773,nasdaq
03/21/2023,305.79,4886279,306.32,307.92,300.43,774,nasdaq
03/22/2023,293.9,5808035,306.31,306.45,293.54,775,nasdaq
03/23/2023,320.37,15653350,304.68,322.78,304.14,776,nasdaq
03/24/2023,328.39,13004090,320.63,331.83,320.63,777,nasdaq
03/27/2023,327.66,8625763,327.55,336.44,324.41,778,nasdaq
03/28/2023,323.52,6489388,326.06,333.32,321.28,779,nasdaq
03/29/2023,332.03,6287336,326.29,332.85,325.73,780,nasdaq
03/30/2023,338.43,7131468,340.27,343.29,335.3,781,nasdaq
03/31/2023,345.48,5610161,340.05,345.84,337.2001,782,nasdaq
04/03/2023,348.28,4413650,341.83,348.58,340.4001,783,nasdaq
04/04/2023,346.75,3298072,348.49,349.8,343.95,784,nasdaq
04/05/2023,342.35,4205545,345.3,345.43,336.2526,785,nasdaq
04/06/2023,339.33,4660542,339.34,340.48,332.63,786,nasdaq
04/10/2023,338.99,2657898,335.27,339.88,333.36,787,nasdaq
04/11/2023,338.21,4044778,343.45,347.14,337.635,788,nasdaq
04/12/2023,331.03,3965440,340.81,342.8,330.04,789,nasdaq
04/13/2023,346.19,7406437,339.99,346.43,338.75,790,nasdaq
04/14/2023,338.63,5350508,342.94,344.853,336.41,791,nasdaq
04/17/2023,332.72,6136047,338,338.39,327.5,792,nasdaq
04/18/2023,333.7,17944500,335,337.19,330.5,793,nasdaq
04/19/2023,323.12,22128270,324.21,325.75,316.1,794,nasdaq
04/20/2023,325.35,9947800,320.39,331.4298,318.33,795,nasdaq
04/21/2023,327.98,6348000,323,328.29,319.5,796,nasdaq
04/24/2023,329.02,5586627,330.2,334.66,326.75,797,nasdaq
04/25/2023,322.55,5426642,328.5,328.655,321.1,798,nasdaq
04/26/2023,321.15,4623238,321.36,325.9,320.47,799,nasdaq
04/27/2023,325.85,5618768,324.3,327.45,317.44,800,nasdaq
04/28/2023,329.93,4228374,325.24,330.8077,324,801,nasdaq
05/01/2023,324.12,5341484,329.435,331.23,318.09,802,nasdaq
05/02/2023,317.55,4318612,325,326.07,315.62,803,nasdaq
05/03/2023,319.3,5064057,317.55,324.62,315.85,804,nasdaq
05/04/2023,320.78,3879657,319.01,323.61,317.95,805,nasdaq
05/05/2023,322.76,3990637,323.61,324.15,319.4401,806,nasdaq
05/08/2023,331.21,5488593,322.99,332.56,322.03,807,nasdaq
05/09/2023,332.14,5544852,330.67,336.32,329.7401,808,nasdaq
05/10/2023,335.42,4289897,335.21,337.11,329.51,809,nasdaq
05/11/2023,344.76,8033531,334.98,345.47,331.84,810,nasdaq
05/12/2023,339.89,6082360,344.76,348.1664,337.3637,811,nasdaq
05/15/2023,335.89,3652970,340.62,341.9,335.54,812,nasdaq
05/16/2023,333.75,3334863,334,335.17,331.91,813,nasdaq
05/17/2023,339.96,3958807,331.76,341.38,329.615,814,nasdaq
05/18/2023,371.29,20925240,347.25,375.87,346.37,815,nasdaq
05/19/2023,365.36,7859703,369.86,369.99,363.81,816,nasdaq
05/22/2023,363.01,5406420,365.36,372.01,362.5,817,nasdaq
05/23/2023,355.99,6866078,360.24,364.17,354.31,818,nasdaq
05/24/2023,364.85,7973316,356.93,367.151,356.625,819,nasdaq
05/25/2023,359,6263105,359.61,367.4499,357.42,820,nasdaq
05/26/2023,378.88,9360436,361.1,383.76,356,821,nasdaq
05/30/2023,392.98,10864990,397.48,405.11,385.79,822,nasdaq
05/31/2023,395.23,6988047,391.89,396.26,388.91,823,nasdaq
06/01/2023,403.13,7160145,397.41,407.52,393.08,824,nasdaq
06/02/2023,400.47,5902381,402.89,406.58,395.9,825,nasdaq
06/05/2023,403.54,7247413,400.47,413.86,400.15,826,nasdaq
06/06/2023,399.29,4991532,405,405.12,396.93,827,nasdaq
06/07/2023,399.77,11932390,410.43,418.95,399.23,828,nasdaq
06/08/2023,409.37,5991087,399.77,409.54,396.34,829,nasdaq
06/09/2023,420.02,12372830,424.5,425.9,414.76,830,nasdaq
06/12/2023,423.97,5967712,418.83,424.7,416.5669,831,nasdaq
06/13/2023,435.73,7820535,430.01,437.27,428.4,832,nasdaq
06/14/2023,440.86,8413089,434.99,447.33,433.5,833,nasdaq
06/15/2023,445.27,7099915,444.1,448.65,439.5,834,nasdaq
06/16/2023,431.96,8753740,446.15,447.51,430.9,835,nasdaq
06/20/2023,434.7,4762313,430.18,440,430,836,nasdaq
06/21/2023,424.45,5146441,432.65,434.55,422.54,837,nasdaq
06/22/2023,422.48,4872246,422.93,424.71,418.6801,838,nasdaq
06/23/2023,424.02,8298600,418.59,425.82,417.73,839,nasdaq
06/26/2023,415.94,4640022,422.435,430.9599,414.9,840,nasdaq
06/27/2023,417.08,4818066,417.39,420.8789,411.5,841,nasdaq
06/28/2023,429.84,8811342,423.1,437.2915,422.89,842,nasdaq
06/29/2023,428.24,4932310,434.33,437.85,426.15,843,nasdaq
06/30/2023,440.49,7346394,431.1,444.12,431.1,844,nasdaq
07/03/2023,441.44,3728461,439.76,441.545,431.62,845,nasdaq
07/05/2023,445.9,6875414,444.91,450.97,439.6244,846,nasdaq
07/06/2023,438.84,4944892,440,442.7999,430.72,847,nasdaq
07/07/2023,438.1,4165144,438.6,442.325,435.8354,848,nasdaq
07/10/2023,441.71,4251737,438.52,444.41,436.82,849,nasdaq
07/11/2023,440.21,4574559,438.65,440.8,431.0415,850,nasdaq
07/12/2023,444.05,5731657,444.55,445.4085,437.7494,851,nasdaq
07/13/2023,450.38,6157475,447,451.67,441.177,852,nasdaq
07/14/2023,441.91,7195860,452.785,456.48,439.7,853,nasdaq
07/17/2023,450.05,6901141,445.57,456.68,445.1053,854,nasdaq
07/18/2023,474.8,13196880,451,478.15,448.78,855,nasdaq
07/19/2023,477.59,20996480,476.86,485,470,856,nasdaq
07/20/2023,437.42,23989710,447,448.5,432,857,nasdaq
07/21/2023,427.5,17340030,437.37,438.24,423.19,858,nasdaq
07/24/2023,428.37,8282434,425,428.64,419.19,859,nasdaq
07/25/2023,427.7,4859843,427.18,430.8799,426.13,860,nasdaq
07/26/2023,422.67,6009242,424.2,425.26,415.59,861,nasdaq
07/27/2023,413.17,6594466,426.9,427.52,411.88,862,nasdaq
07/28/2023,425.78,6428073,415.56,427.47,413.76,863,nasdaq
07/31/2023,438.97,6587619,426.51,439.13,426.3,864,nasdaq
08/01/2023,438.62,5725544,437.37,445.2499,431.4,865,nasdaq
08/02/2023,429.7,4921781,435.23,435.56,426.56,866,nasdaq
08/03/2023,431,6259309,427.8,441.93,427.19,867,nasdaq
08/04/2023,431.6,5441811,433.06,436.5,426.27,868,nasdaq
08/07/2023,440.76,4781303,436.455,441.11,428.9057,869,nasdaq
08/08/2023,438.3,3767195,440.36,443.57,435.1,870,nasdaq
08/09/2023,428.9,3846639,439.74,440.62,427.59,871,nasdaq
08/10/2023,429.98,5467607,431.12,438.12,428.69,872,nasdaq
08/11/2023,421.66,3927914,428.98,430.6317,421.3277,873,nasdaq
08/14/2023,427.78,3965963,421.99,428.845,418.78,874,nasdaq
08/15/2023,423.7,3367998,424.41,429.12,421.04,875,nasdaq
08/16/2023,415.45,3967021,423.73,424.51,415.25,876,nasdaq
08/17/2023,403,6031469,415,415.24,401.5818,877,nasdaq
08/18/2023,404.53,4312196,399.33,406.52,398.15,878,nasdaq
08/21/2023,408.29,3861579,402.23,409.61,399.5,879,nasdaq
08/22/2023,413.17,3603273,409,415.74,407.4,880,nasdaq
08/23/2023,427.55,8174732,418.4,437.02,417.71,881,nasdaq
08/24/2023,406.93,5687799,425.41,427.59,406.165,882,nasdaq
08/25/2023,416.03,5390933,412,419.25,407.5641,883,nasdaq
08/28/2023,418.06,2928613,418.04,419.83,413.27,884,nasdaq
08/29/2023,429.99,4486703,416,432.17,414.5,885,nasdaq
08/30/2023,434.67,3625380,430.85,438.16,428.35,886,nasdaq
08/31/2023,433.68,3802954,431.23,437.15,431.23,887,nasdaq
09/01/2023,439.88,4793379,437.725,445.5,435.93,888,nasdaq
09/05/2023,448.68,6155865,438.39,453.45,438,889,nasdaq
09/06/2023,445.76,3862274,448.61,451.39,440.49,890,nasdaq
09/07/2023,443.14,2922676,441.15,444.6,436.7,891,nasdaq
09/08/2023,442.8,2704353,443.56,446.81,438.85,892,nasdaq
09/11/2023,445.36,2913767,443.07,449.89,442.75,893,nasdaq
09/12/2023,434.69,3124024,442.85,445.4399,434.12,894,nasdaq
09/13/2023,412.24,11843030,435.5,438.4,410.69,895,nasdaq
09/14/2023,400.49,10709040,410.4,411.39,400,896,nasdaq
09/15/2023,396.94,9116745,401,404.6997,395.03,897,nasdaq
09/18/2023,394.4,4704706,395.5,399.465,392.6,898,nasdaq
09/19/2023,396.2,4080054,392.84,398.23,390.245,899,nasdaq
09/20/2023,386.3,3866619,397.05,397.985,386.12,900,nasdaq
09/21/2023,384.15,5556388,386.5,395.8999,383.42,901,nasdaq
09/22/2023,379.81,3699796,385,386.88,378.36,902,nasdaq
09/25/2023,384.8,3757278,382.9,386.62,380.81,903,nasdaq
09/26/2023,379.25,4089392,382.88,384.56,377.355,904,nasdaq
09/27/2023,377.59,3843521,382.4,384.223,376.25,905,nasdaq
09/28/2023,376.36,4369906,375.6,378.96,371.1,906,nasdaq
09/29/2023,377.6,4205298,380,382.58,375.35,907,nasdaq
10/02/2023,380.33,3102101,377.48,384.808,376.8,908,nasdaq
10/03/2023,376.75,8878134,377.11,394.9,372.8492,909,nasdaq
10/04/2023,376.9,4303658,376.5,380.22,373.58,910,nasdaq
10/05/2023,372.59,5034773,378.01,378.5999,367.24,911,nasdaq
10/06/2023,381.51,4778118,368.43,382.52,367.77,912,nasdaq
10/09/2023,385.95,3299802,378.05,387.17,377.755,913,nasdaq
10/10/2023,373.32,7288939,385.58,388.7,372.25,914,nasdaq
10/11/2023,365.93,9151395,372.775,377.81,365.34,915,nasdaq
10/12/2023,361.2,7376086,366.48,368.83,359.05,916,nasdaq
10/13/2023,355.68,6316320,355.64,358.93,352.05,917,nasdaq
10/16/2023,360.82,5128947,356.21,363.0799,354.77,918,nasdaq
10/17/2023,355.72,5908412,361.1,362.7049,353.89,919,nasdaq
10/18/2023,346.19,11429640,351,354.79,344.73,920,nasdaq
10/19/2023,401.77,28074420,404.74,408.95,392.2601,921,nasdaq
10/20/2023,400.96,12782920,405.63,410.64,398.01,922,nasdaq
10/23/2023,406.84,7390032,403.32,407.54,398.5201,923,nasdaq
10/24/2023,413.73,6459247,409.68,416.6899,408.39,924,nasdaq
10/25/2023,411.25,6299587,416.02,418.84,410.11,925,nasdaq
10/26/2023,403.54,6849702,411.42,417.31,401.5444,926,nasdaq
10/27/2023,397.87,4997612,406.42,410.21,395.62,927,nasdaq
10/30/2023,410.08,5317147,402.35,412.82,399.41,928,nasdaq
10/31/2023,411.69,3877623,409.24,412.52,404.6301,929,nasdaq
11/01/2023,420.19,4806108,414.77,420.6,414.1798,930,nasdaq
11/02/2023,424.71,4475984,421.17,426.69,417.1,931,nasdaq
11/03/2023,432.36,3667051,428.76,434.815,425.53,932,nasdaq
11/06/2023,434.74,3003235,434.38,435.03,429.61,933,nasdaq
11/07/2023,434.61,3291064,436.18,437.64,431,934,nasdaq
11/08/2023,436.65,2356845,435,438.07,433.68,935,nasdaq
11/09/2023,435.15,2735507,438.03,440.38,434.35,936,nasdaq
11/10/2023,447.24,4443284,437.48,447.48,435.51,937,nasdaq
11/13/2023,444.62,2896143,447.25,448.43,442.6,938,nasdaq
11/14/2023,448.65,4060884,448.78,454.075,445.64,939,nasdaq
11/15/2023,461.94,5035283,452.81,462.7499,452.45,940,nasdaq
11/16/2023,466.95,3655974,463,467.28,459.65,941,nasdaq
11/17/2023,465.91,2800214,466.95,467.65,462.76,942,nasdaq
11/20/2023,474.47,3621095,465.4,476.7558,465.4,943,nasdaq
11/21/2023,474.95,2997723,472.63,477.02,471.21,944,nasdaq
11/22/2023,478,2843891,476.8,482.7,476.56,945,nasdaq
11/24/2023,479.56,1404732,477.11,480.4,475.2,946,nasdaq
11/27/2023,479.17,3625924,479.03,482,475.35,947,nasdaq
11/28/2023,479,2890164,478.11,480.5,475.95,948,nasdaq
11/29/2023,477.19,2855540,479,480.9885,474.49,949,nasdaq
11/30/2023,473.97,4287349,475.31,478.5907,470.42,950,nasdaq
12/01/2023,465.74,4341471,473.17,475.2299,464.6,951,nasdaq
12/04/2023,453.9,5157713,460.99,461.2,451.2,952,nasdaq
12/05/2023,455.15,3380674,450.7,456.39,449.58,953,nasdaq
12/06/2023,446.73,4178755,460,460.5,445.73,954,nasdaq
12/07/2023,452,3506722,450.85,452.885,448.32,955,nasdaq
12/08/2023,453.76,3458384,450.76,455.5,450.76,956,nasdaq
12/11/2023,459.89,4929662,459.36,470.65,457.21,957,nasdaq
12/12/2023,463,3302660,465.23,465.61,459.1962,958,nasdaq
12/13/2023,479.98,5820192,461.98,481.25,461.98,959,nasdaq
12/14/2023,469.83,5176437,480.36,480.76,464.7601,960,nasdaq
12/15/2023,472.06,7840992,467.3,473,467.3,961,nasdaq
12/18/2023,486.12,6410660,476.3,492.04,475.095,962,nasdaq
12/19/2023,495.02,3849014,488.4,496.14,484.06,963,nasdaq
12/20/2023,489.27,4563690,492,500.89,488.39,964,nasdaq
12/21/2023,491.61,2756225,492.66,494.4,486.77,965,nasdaq
12/22/2023,486.76,2702672,494,496.02,485.45,966,nasdaq
12/26/2023,491.19,2034517,489.39,491.48,486.38,967,nasdaq
12/27/2023,491.79,2561330,491.24,494.015,489.25,968,nasdaq
12/28/2023,490.51,1710492,492,492.89,489.07,969,nasdaq
12/29/2023,486.88,2740555,490.37,492.2299,481.935,970,nasdaq
01/02/2024,468.5,5049423,483.185,484.65,461.86,971,nasdaq
01/03/2024,470.26,3443694,467.32,475.05,465.7727,972,nasdaq
01/04/2024,474.67,3636513,472.98,480.7393,466.53,973,nasdaq
01/05/2024,474.06,2631250,476.5,479.545,471.804,974,nasdaq
01/08/2024,485.03,3675775,473.89,485.24,473.65,975,nasdaq
01/09/2024,482.09,3526757,475.53,485.085,473.8,976,nasdaq
01/10/2024,478.33,4342448,481.6,487,472.95,977,nasdaq
01/11/2024,492.23,7993265,492.54,503.41,483.82,978,nasdaq
01/12/2024,492.16,5003718,500.51,500.79,490.61,979,nasdaq
01/16/2024,481.24,4678974,490,494.15,478.02,980,nasdaq
01/17/2024,480.33,4894593,484.5,486.21,475.2642,981,nasdaq
01/18/2024,485.31,4054399,480.03,485.77,478.02,982,nasdaq
01/19/2024,482.95,5672351,484.98,485.67,476.06,983,nasdaq
01/22/2024,485.71,5212309,487.55,489.8,479.9,984,nasdaq
01/23/2024,492.19,15506020,492,498.96,481.4,985,nasdaq
01/24/2024,544.87,26432800,537.75,562.5,537.07,986,nasdaq
01/25/2024,562,9451915,551.95,563.46,548.46,987,nasdaq
01/26/2024,570.42,12770570,561.81,579.64,558.4319,988,nasdaq
01/29/2024,575.79,6905390,571.35,578.5499,562.68,989,nasdaq
01/30/2024,562.85,6181798,567.32,570.88,560.82,990,nasdaq
01/31/2024,564.11,4857599,562.85,572.15,562.045,991,nasdaq
02/01/2024,567.51,3174002,567.02,572.66,563.83,992,nasdaq
02/02/2024,564.64,4032843,564.52,567.8,562.37,993,nasdaq
02/05/2024,562.06,4143099,562.47,575.75,557.195,994,nasdaq
02/06/2024,555.88,2840300,564.12,566.3399,554.37,995,nasdaq
02/07/2024,559.3,4373591,558.16,567.8,554.98,996,nasdaq
02/08/2024,558.53,3175468,560.55,563.7,555.74,997,nasdaq
02/09/2024,561.32,3055698,565,566,558.1,998,nasdaq
02/12/2024,557.85,3608487,560.36,568.44,557,999,nasdaq
02/13/2024,554.52,3511453,550.8,559.1999,549,1000,nasdaq
02/14/2024,579.33,5634226,567.26,581.248,564.34,1001,nasdaq
02/15/2024,593.46,5220938,581.91,593.77,580.32,1002,nasdaq
02/16/2024,583.95,4325689,596.95,597,577.46,1003,nasdaq
02/20/2024,575.13,3124236,580.18,586,569.66,1004,nasdaq
02/21/2024,573.35,2281143,573.51,575.775,567.32,1005,nasdaq
02/22/2024,588.47,3526597,582.75,590.85,578.885,1006,nasdaq
02/23/2024,583.56,2568852,586.4,592.43,579.82,1007,nasdaq
02/26/2024,587.65,2393712,583.56,590.75,583.27,1008,nasdaq
02/27/2024,601.67,4489355,595,605.36,592.33,1009,nasdaq
02/28/2024,596.48,2605242,595.79,598.17,590.01,1010,nasdaq
02/29/2024,602.92,3572082,604.25,604.5161,595.16,1011,nasdaq
03/01/2024,619.34,4270305,599.81,620.28,599.5,1012,nasdaq
03/04/2024,615.83,3020306,621.56,624.42,615.08,1013,nasdaq
03/05/2024,598.5,3849563,610.1,610.91,592,1014,nasdaq
03/06/2024,597.69,2469592,602.99,607.93,593.5555,1015,nasdaq
03/07/2024,608.51,2742805,599.34,610.53,595.9,1016,nasdaq
03/08/2024,604.82,2777243,608.27,616.09,600.84,1017,nasdaq
03/11/2024,600.93,2500940,608.08,611,600.37,1018,nasdaq
03/12/2024,611.08,2821631,600.21,615.3,596.27,1019,nasdaq
03/13/2024,609.45,2192094,613.37,614.8499,607.21,1020,nasdaq
03/14/2024,613.01,3120452,615,620.8,607.35,1021,nasdaq
03/15/2024,605.88,6671629,622.92,622.92,603.82,1022,nasdaq
03/18/2024,618.39,3344244,613.56,627.41,610.4481,1023,nasdaq
03/19/2024,620.74,2142613,615.62,621.28,608,1024,nasdaq
03/20/2024,627.69,2639509,619.95,629.505,618.34,1025,nasdaq
03/21/2024,622.71,2507671,630.65,634.3617,622.33,1026,nasdaq
03/22/2024,628.01,2135688,624.16,629.05,621,1027,nasdaq
03/25/2024,627.46,1803264,627.9,630.46,623.16,1028,nasdaq
03/26/2024,629.24,2804453,625.2,634.3899,619.1836,1029,nasdaq
03/27/2024,613.53,2628267,629.01,631.35,610.73,1030,nasdaq
03/28/2024,607.33,3708803,614.99,615,601.59,1031,nasdaq
04/01/2024,614.31,2115925,608,615.11,605.571,1032,nasdaq
04/02/2024,614.21,2029217,611,615.03,605.5101,1033,nasdaq
04/03/2024,630.08,2931231,612.745,630.41,611.5,1034,nasdaq
04/04/2024,617.14,3064349,633.21,638,616.58,1035,nasdaq
04/05/2024,636.18,3378842,624.92,637.91,622.71,1036,nasdaq
04/08/2024,628.41,2145731,636.39,639,628.11,1037,nasdaq
04/09/2024,618.2,2146635,631.99,631.99,615.6347,1038,nasdaq
04/10/2024,618.58,2806248,610.97,620.14,609.34,1039,nasdaq
04/11/2024,628.78,2662662,624.42,631.66,617.24,1040,nasdaq
04/12/2024,622.83,2959269,628.23,633.1199,618.915,1041,nasdaq
04/15/2024,607.15,3085394,630.17,630.17,603.871,1042,nasdaq
04/16/2024,617.52,3519122,607.5,622.45,607.5,1043,nasdaq
04/17/2024,613.69,3312222,620.97,620.97,607.71,1044,nasdaq
04/18/2024,610.56,8468407,612.1,621.33,605.435,1045,nasdaq
04/19/2024,555.04,16449700,567.88,579,552.16,1046,nasdaq
04/22/2024,554.6,8597651,550.66,558.61,542.01,1047,nasdaq
04/23/2024,577.75,4975520,556.49,579.21,555.28,1048,nasdaq
04/24/2024,555.12,5355312,574.31,576.907,551.3,1049,nasdaq
04/25/2024,564.8,3807101,549.46,566.54,545.705,1050,nasdaq
04/26/2024,561.23,4332593,558.21,562.92,553.19,1051,nasdaq
04/29/2024,559.49,2508882,559.18,559.64,554.24,1052,nasdaq
04/30/2024,550.64,3361492,560,560,549.375,1053,nasdaq
05/01/2024,551.71,3473233,547.84,560.39,544.25,1054,nasdaq
05/02/2024,565.15,3068228,556.02,565.46,555.59,1055,nasdaq
05/03/2024,579.34,3307524,566,580.26,565.16,1056,nasdaq
05/06/2024,596.97,3686337,581.82,597.34,580.25,1057,nasdaq
05/07/2024,606,3614092,596.28,606.05,591.32,1058,nasdaq
05/08/2024,609.47,3093904,601.63,618.22,601.63,1059,nasdaq
05/09/2024,612.09,2065375,614.4,615.72,605.75,1060,nasdaq
05/10/2024,610.87,2653586,619,623.98,605.06,1061,nasdaq
05/13/2024,616.59,2086197,614.3,618.219,606.83,1062,nasdaq
05/14/2024,613.66,2792358,615.17,621.48,608.4,1063,nasdaq
05/15/2024,613.52,5670607,618.57,624.1,609.1,1064,nasdaq
05/16/2024,610.52,3056350,615.75,618.34,609.09,1065,nasdaq
05/17/2024,621.1,3782708,617,625.79,614.7141,1066,nasdaq
05/20/2024,640.82,3857853,620.4,644.37,619.52,1067,nasdaq
05/21/2024,650.61,2920155,636.76,650.88,634.22,1068,nasdaq
05/22/2024,640.47,2176174,647.14,649.25,638.12,1069,nasdaq
05/23/2024,635.67,2313939,642.34,642.71,630,1070,nasdaq
05/24/2024,646.75,2615260,639.4,652,637.6,1071,nasdaq
05/28/2024,649,2609451,647.05,649.75,643.03,1072,nasdaq
05/29/2024,654.62,3695935,644.13,664.25,643.89,1073,nasdaq
05/30/2024,647.66,2393354,653.52,656.4899,644.73,1074,nasdaq
05/31/2024,641.62,4071023,644.01,648.58,628.3,1075,nasdaq
06/03/2024,633.79,2323506,645.215,646.78,627.27,1076,nasdaq
06/04/2024,631.62,3008151,633.78,635.2299,626.44,1077,nasdaq
06/05/2024,650.27,2682614,634.02,651.25,628.25,1078,nasdaq
06/06/2024,648.52,2466664,644.89,657.99,644.2368,1079,nasdaq
06/07/2024,641.47,1876631,649.38,650.4,640.2401,1080,nasdaq
06/10/2024,644.5,2066759,641.01,644.79,635.59,1081,nasdaq
06/11/2024,648.55,2167417,640.72,650.19,640.52,1082,nasdaq
06/12/2024,650.06,2094381,652.21,655.78,643.11,1083,nasdaq
06/13/2024,653.26,1863587,644,655.25,642.35,1084,nasdaq
06/14/2024,669.38,4447116,655.05,675.58,652.64,1085,nasdaq
06/17/2024,675.83,3631184,669.11,682.7099,665.1101,1086,nasdaq
06/18/2024,685.67,2943775,675.63,687.06,674.64,1087,nasdaq
06/20/2024,679.03,2585089,681.8,689.88,673.7203,1088,nasdaq
06/21/2024,686.12,4557086,683.26,686.9,678.1,1089,nasdaq
06/24/2024,669.02,3916335,685,685.5,664.5,1090,nasdaq
06/25/2024,672.41,2278768,673.44,673.665,662.3,1091,nasdaq
06/26/2024,677.69,3545815,672.41,682.96,670.02,1092,nasdaq
06/27/2024,684.34,2404849,679.35,688.57,678.14,1093,nasdaq
06/28/2024,674.88,3412391,679,687,673.08,1094,nasdaq
07/01/2024,673.61,2212826,674.89,675.02,663.78,1095,nasdaq
07/02/2024,679.58,2411426,673.54,681.74,670.07,1096,nasdaq
07/03/2024,682.51,1403545,677.48,683.7499,675.5,1097,nasdaq
07/05/2024,690.65,2659065,682.51,697.49,677.23,1098,nasdaq
07/08/2024,685.74,1930786,687,688.86,681.485,1099,nasdaq
07/09/2024,685.74,2599474,690,695.27,684.72,1100,nasdaq
07/10/2024,677.65,2651928,685.02,687.22,673.16,1101,nasdaq
07/11/2024,652.75,5111928,672.485,672.485,647.44,1102,nasdaq
07/12/2024,647.6,3355197,652.75,655.92,643.7075,1103,nasdaq
07/15/2024,656.45,3208763,647.5,667.54,646.63,1104,nasdaq
07/16/2024,656.32,2685706,661.8,663.675,649.13,1105,nasdaq
07/17/2024,647.46,4017277,650,650.45,639.47,1106,nasdaq
07/18/2024,643.04,7575763,656.6,657.0395,639.165,1107,nasdaq
07/19/2024,633.34,9815631,660.64,678.97,629.1201,1108,nasdaq
07/22/2024,647.5,5219077,639.5,656.29,632.6,1109,nasdaq
07/23/2024,642.76,2463579,647.5,649.91,641.0001,1110,nasdaq
07/24/2024,635.99,4888163,635.74,652.42,632.6744,1111,nasdaq
07/25/2024,634.09,4554539,641,649.98,621.7001,1112,nasdaq
07/26/2024,631.37,3120659,645,646.9899,629.77,1113,nasdaq
07/29/2024,626.96,2400537,634.61,634.61,623.93,1114,nasdaq
07/30/2024,622.58,3496609,630.17,634.69,617.0001,1115,nasdaq
07/31/2024,628.35,3134877,626.57,633.5999,622.58,1116,nasdaq
08/01/2024,624.85,3720573,629.25,646.7099,617.61,1117,nasdaq
08/02/2024,613.64,3523003,620.98,625.27,608.35,1118,nasdaq
08/05/2024,598.55,4044235,587.04,604.5627,587.04,1119,nasdaq
08/06/2024,609.57,4319057,600.62,622.45,600.62,1120,nasdaq
08/07/2024,611.48,3187791,616.065,632,610.64,1121,nasdaq
08/08/2024,630.35,3283542,621.99,632.29,616.02,1122,nasdaq
08/09/2024,633.94,1980836,622.99,636.62,622.99,1123,nasdaq
08/12/2024,633.14,2331712,631,639,627.07,1124,nasdaq
08/13/2024,648.02,2639571,638.56,650.97,635.5,1125,nasdaq
08/14/2024,661.68,4014344,648.7,663.57,648.7,1126,nasdaq
08/15/2024,663.22,3210173,668.49,673.19,659.8,1127,nasdaq
08/16/2024,674.07,3511014,669.43,680.23,665.36,1128,nasdaq
08/19/2024,688.53,3016227,674.07,688.84,672.91,1129,nasdaq
08/20/2024,698.54,4813118,688.86,711.33,688.245,1130,nasdaq
08/21/2024,697.12,2235343,697,701,691.38,1131,nasdaq
08/22/2024,688.96,2729389,691,701.5,686.24,1132,nasdaq
08/23/2024,686.73,2354450,694.13,696.07,678.63,1133,nasdaq
08/26/2024,688.44,1354154,687.26,690.59,681.6376,1134,nasdaq
08/27/2024,695.72,3164878,688.53,707.89,686.92,1135,nasdaq
08/28/2024,683.84,2430583,695.83,696.67,677.1,1136,nasdaq
08/29/2024,692.48,2186974,690,699.8,686.07,1137,nasdaq
08/30/2024,701.35,3266723,700.36,701.86,688.16,1138,nasdaq
09/03/2024,675.32,3160964,700.1,703.86,671.01,1139,nasdaq
09/04/2024,679.68,1785337,673.31,684.65,673.06,1140,nasdaq
09/05/2024,683.62,1810072,673.14,687.31,671.86,1141,nasdaq
09/06/2024,665.77,2991265,681.86,683.1518,662.34,1142,nasdaq
09/09/2024,675.42,2683111,674,683.5,672.14,1143,nasdaq
09/10/2024,673.62,2079182,676.87,680.5899,665.805,1144,nasdaq
09/11/2024,681.47,2391924,677.46,682.97,660.8,1145,nasdaq
09/12/2024,686.8,2588437,684.92,694.88,682.2,1146,nasdaq
09/13/2024,697.06,2276482,680.01,699.64,680,1147,nasdaq
09/16/2024,696.5,1843745,700,703.02,688.6316,1148,nasdaq
09/17/2024,706.91,2298630,700.82,707.63,698.37,1149,nasdaq
09/18/2024,690.47,2984411,707.55,707.55,688,1150,nasdaq
09/19/2024,704.32,4228480,705,715.66,695.37,1151,nasdaq
09/20/2024,701.03,3998062,705.55,706.6732,696.31,1152,nasdaq
09/23/2024,705.37,3224344,702.39,712.2499,699.16,1153,nasdaq
09/24/2024,722.26,3565731,706.625,722.44,704.45,1154,nasdaq
09/25/2024,721.56,2259775,721,725.12,716.21,1155,nasdaq
09/26/2024,711.43,2832962,724.73,725.26,701.72,1156,nasdaq
09/27/2024,707.35,2395613,708.36,710.71,701.2509,1157,nasdaq
09/30/2024,709.27,1711508,707,711.21,702.8192,1158,nasdaq
10/01/2024,706.13,2813482,713.64,717.76,698.59,1159,nasdaq
10/02/2024,711.09,1758167,706.13,716.21,704.6878,1160,nasdaq
10/03/2024,706.8,2256449,704.26,708.81,700,1161,nasdaq
10/04/2024,719.7,2230139,713.32,721.01,708.82,1162,nasdaq
10/07/2024,701.92,3360520,714.755,715.88,696.43,1163,nasdaq
10/08/2024,721.76,3187402,703.88,725.06,703.5457,1164,nasdaq
10/09/2024,727.43,1981070,719.25,728.59,718.87,1165,nasdaq
10/10/2024,730.29,2767862,723.29,733.85,722.5,1166,nasdaq
10/11/2024,722.79,2299525,734.9,736,721.22,1167,nasdaq
10/14/2024,713,2797071,725,726.6196,711.3109,1168,nasdaq
10/15/2024,705.98,2932752,712.51,713.4,699.7806,1169,nasdaq
10/16/2024,702,2494276,703.43,705.59,697.82,1170,nasdaq
10/17/2024,687.65,8926672,704.35,704.4124,677.88,1171,nasdaq
10/18/2024,763.89,15974120,737.64,766.281,736.23,1172,nasdaq
10/21/2024,772.07,6057093,765.76,773,756.6,1173,nasdaq
10/22/2024,764.24,2987252,765.27,769.7,761.12,1174,nasdaq
10/23/2024,749.29,3749007,762.83,763.7899,744.26,1175,nasdaq
10/24/2024,754.55,2642962,751.97,755.82,746.25,1176,nasdaq
10/25/2024,754.68,2819473,756.17,768.5,753.53,1177,nasdaq
10/28/2024,749.12,2862405,758.68,758.68,747.88,1178,nasdaq
10/29/2024,759.44,3660433,751.13,763.88,748.01,1179,nasdaq
10/30/2024,753.74,1722002,758.08,759.79,752.2775,1180,nasdaq
10/31/2024,756.03,3057709,753.93,760.7899,752.23,1181,nasdaq
11/01/2024,756.1,2996829,753.48,763.7999,747.77,1182,nasdaq
11/04/2024,755.51,1902194,753.14,762.48,749.69,1183,nasdaq
11/05/2024,763.91,2200645,757.35,767.5299,756.27,1184,nasdaq
11/06/2024,780.21,3690817,771.5,781.49,757.38,1185,nasdaq
11/07/2024,796.54,3295074,781.37,798.22,779.94,1186,nasdaq
11/08/2024,795.04,1910626,797.36,799.06,788.65,1187,nasdaq
11/11/2024,805.44,2399150,795.9,806.823,795.565,1188,nasdaq
11/12/2024,819.5,2814064,807.5,820.3697,803.75,1189,nasdaq
11/13/2024,830.47,2767772,822.615,836.9899,820.5368,1190,nasdaq
11/14/2024,837.26,3038231,833.67,840.9997,830.02,1191,nasdaq
11/15/2024,823.96,3673720,832.04,832.04,816.49,1192,nasdaq
11/18/2024,847.05,4084081,815.5,848.45,809.3301,1193,nasdaq
11/19/2024,871.32,3814227,839.75,874.49,839.16,1194,nasdaq
11/20/2024,883.85,4093843,879.98,890.6,868.4,1195,nasdaq
11/21/2024,897.48,4511263,883.93,908,877.24,1196,nasdaq
11/22/2024,897.79,3214020,896,906,893,1197,nasdaq
11/25/2024,865.59,6014203,902.05,902.05,864.22,1198,nasdaq
11/26/2024,872.6,3138259,867.49,886.36,867.2501,1199,nasdaq
11/27/2024,877.34,2578222,872.06,880.95,858.91,1200,nasdaq
11/29/2024,886.81,2027237,882.17,892.41,876.68,1201,nasdaq
12/02/2024,897.74,2388966,887.51,902.34,884.12,1202,nasdaq
12/03/2024,902.17,2401634,894.36,902.69,888.025,1203,nasdaq
12/04/2024,911.06,2689629,898.05,915.9699,898.05,1204,nasdaq
12/05/2024,917.87,2835307,917.85,927,911.1075,1205,nasdaq
12/06/2024,934.74,2955383,915.23,935.27,912.71,1206,nasdaq
12/09/2024,913.69,3350082,928,930.2999,902.59,1207,nasdaq
12/10/2024,913.35,2388575,913.76,922.88,909.58,1208,nasdaq
12/11/2024,936.56,3501691,924.71,941.75,923.08,1209,nasdaq
12/12/2024,925.55,2486197,933.35,934.0886,922.6,1210,nasdaq
12/13/2024,918.87,2485829,916.81,925.55,909.61,1211,nasdaq
12/16/2024,921.08,2674892,923.94,928.94,919.5,1212,nasdaq
12/17/2024,919.13,2459456,921.54,928.45,916.42,1213,nasdaq
12/18/2024,889.55,2938194,919.13,922.44,886.56,1214,nasdaq
12/19/2024,902.04,2815512,908.18,912.6215,899,1215,nasdaq
12/20/2024,909.05,4530519,893.21,919.9238,890.4872,1216,nasdaq
12/23/2024,911.45,2339375,913.42,915,899.1001,1217,nasdaq
12/24/2024,932.12,2320293,915,935.85,911.7,1218,nasdaq
12/26/2024,924.14,2342418,928.4,930.49,915.3,1219,nasdaq
12/27/2024,907.55,3226158,916.01,918.13,894.5,1220,nasdaq
12/30/2024,900.43,2202970,894.51,908.2299,889.71,1221,nasdaq
12/31/2024,891.32,1875897,901.8,902.68,889.47,1222,nasdaq
01/02/2025,886.73,2315685,895.5,898.58,877,1223,nasdaq
01/03/2025,881.05,2970019,893.13,898.83,879.8901,1224,nasdaq
01/06/2025,881.79,3457656,888.76,892.83,871.69,1225,nasdaq
01/07/2025,879.19,2649823,879.38,888,869.11,1226,nasdaq
01/08/2025,875,2347949,880,886.215,873,1227,nasdaq
01/10/2025,837.69,4803312,866.4,866.41,834.4,1228,nasdaq
01/13/2025,840.29,3024517,831.525,847.07,829.14,1229,nasdaq
01/14/2025,828.4,3037650,843.2,844.8925,823.519,1230,nasdaq
01/15/2025,848.26,3181383,836.44,850.84,830.41,1231,nasdaq
01/16/2025,842.37,4028537,860.96,868.98,842.02,1232,nasdaq
01/17/2025,858.1,3617565,859.79,865,852.13,1233,nasdaq
01/21/2025,869.68,9851351,863.53,916.4,854.745,1234,nasdaq
01/22/2025,953.99,14273210,998.025,999,950.76,1235,nasdaq
01/23/2025,984.86,7752137,957.81,985,953.9,1236,nasdaq
01/24/2025,977.59,4550397,984.41,986.28,967.68,1237,nasdaq
01/27/2025,971.89,4634204,971.1,982.27,960.26,1238,nasdaq
01/28/2025,971.83,3433972,966.71,977.934,957.3,1239,nasdaq
01/29/2025,978.15,2930728,980,987.64,968.2345,1240,nasdaq
01/30/2025,973.24,3867825,986.75,994.59,970.0101,1241,nasdaq
01/31/2025,976.76,3618718,974,990.2892,974,1242,nasdaq
02/03/2025,978.94,3724197,973,987.6891,964.375,1243,nasdaq
02/04/2025,994.87,6000137,980.47,1008,978.51,1244,nasdaq
02/05/2025,1011.11,3997733,987.73,1011.825,986.68,1245,nasdaq
02/06/2025,1015.68,3134293,1007.87,1016.35,1002.61,1246,nasdaq
02/07/2025,1013.93,3212853,1017,1027.76,1005.6701,1247,nasdaq
02/10/2025,1027.6,3296566,1023.05,1032.85,1015.88,1248,nasdaq
02/11/2025,1008.08,3331797,1020.79,1022.69,1002.95,1249,nasdaq
02/12/2025,1027.31,3388966,1005.49,1027.74,998.3473,1250,nasdaq
02/13/2025,1043.69,3476068,1026.625,1045.9899,1025.1,1251,nasdaq
02/14/2025,1058.6,3145430,1044.95,1064.5,1041.69,1252,nasdaq
02/18/2025,1035.85,4229339,1060,1062,1023.749,1253,nasdaq
02/19/2025,1043.33,2600048,1035.18,1044.9999,1024.51,1254,nasdaq
02/20/2025,1024.54,3111831,1042,1045,1015.5941,1255,nasdaq
02/21/2025,1003.15,3738710,1029.42,1032.38,999.39,1256,nasdaq