Date,Close/Last,Volume,Open,High,Low,Day
02/21/2025,"$1,003.15",3738710,"$1,029.42","$1,032.38",$999.39,0
02/20/2025,"$1,024.54",3111831,"$1,042.00","$1,045.00","$1,015.59",1
02/19/2025,"$1,043.33",2600048,"$1,035.18","$1,045.00","$1,024.51",2
02/18/2025,"$1,035.85",4229339,"$1,060.00","$1,062.00","$1,023.75",3
02/14/2025,"$1,058.60",3145430,"$1,044.95","$1,064.50","$1,041.69",4
02/13/2025,"$1,043.69",3476068,"$1,026.63","$1,045.99","$1,025.10",5
02/12/2025,"$1,027.31",3388966,"$1,005.49","$1,027.74",$998.35,6
02/11/2025,"$1,008.08",3331797,"$1,020.79","$1,022.69","$1,002.95",7
02/10/2025,"$1,027.60",3296566,"$1,023.05","$1,032.85","$1,015.88",8
02/07/2025,"$1,013.93",3212853,"$1,017.00","$1,027.76","$1,005.67",9
02/06/2025,"$1,015.68",3134293,"$1,007.87","$1,016.35","$1,002.61",10
02/05/2025,"$1,011.11",3997733,$987.73,"$1,011.83",$986.68,11
02/04/2025,$994.87,6000137,$980.47,"$1,008.00",$978.51,12
02/03/2025,$978.94,3724197,$973.00,$987.69,$964.38,13
01/31/2025,$976.76,3618718,$974.00,$990.29,$974.00,14
01/30/2025,$973.24,3867825,$986.75,$994.59,$970.01,15
01/29/2025,$978.15,2930728,$980.00,$987.64,$968.23,16
01/28/2025,$971.83,3433972,$966.71,$977.93,$957.30,17
01/27/2025,$971.89,4634204,$971.10,$982.27,$960.26,18
01/24/2025,$977.59,4550397,$984.41,$986.28,$967.68,19
01/23/2025,$984.86,7752137,$957.81,$985.00,$953.90,20
01/22/2025,$953.99,14273210,$998.03,$999.00,$950.76,21
01/21/2025,$869.68,9851351,$863.53,$916.40,$854.75,22
01/17/2025,$858.10,3617565,$859.79,$865.00,$852.13,23
01/16/2025,$842.37,4028537,$860.96,$868.98,$842.02,24
01/15/2025,$848.26,3181383,$836.44,$850.84,$830.41,25
01/14/2025,$828.40,3037650,$843.20,$844.89,$823.52,26
01/13/2025,$840.29,3024517,$831.53,$847.07,$829.14,27
01/10/2025,$837.69,4803312,$866.40,$866.41,$834.40,28
01/08/2025,$875.00,2347949,$880.00,$886.22,$873.00,29
01/07/2025,$879.19,2649823,$879.38,$888.00,$869.11,30
01/06/2025,$881.79,3457656,$888.76,$892.83,$871.69,31
01/03/2025,$881.05,2970019,$893.13,$898.83,$879.89,32
01/02/2025,$886.73,2315685,$895.50,$898.58,$877.00,33
12/31/2024,$891.32,1875897,$901.80,$902.68,$889.47,34
12/30/2024,$900.43,2202970,$894.51,$908.23,$889.71,35
12/27/2024,$907.55,3226158,$916.01,$918.13,$894.50,36
12/26/2024,$924.14,2342418,$928.40,$930.49,$915.30,37
12/24/2024,$932.12,2320293,$915.00,$935.85,$911.70,38
12/23/2024,$911.45,2339375,$913.42,$915.00,$899.10,39
12/20/2024,$909.05,4530519,$893.21,$919.92,$890.49,40
12/19/2024,$902.04,2815512,$908.18,$912.62,$899.00,41
12/18/2024,$889.55,2938194,$919.13,$922.44,$886.56,42
12/17/2024,$919.13,2459456,$921.54,$928.45,$916.42,43
12/16/2024,$921.08,2674892,$923.94,$928.94,$919.50,44
12/13/2024,$918.87,2485829,$916.81,$925.55,$909.61,45
12/12/2024,$925.55,2486197,$933.35,$934.09,$922.60,46
12/11/2024,$936.56,3501691,$924.71,$941.75,$923.08,47
12/10/2024,$913.35,2388575,$913.76,$922.88,$909.58,48
12/09/2024,$913.69,3350082,$928.00,$930.30,$902.59,49
12/06/2024,$934.74,2955383,$915.23,$935.27,$912.71,50
12/05/2024,$917.87,2835307,$917.85,$927.00,$911.11,51
12/04/2024,$911.06,2689629,$898.05,$915.97,$898.05,52
12/03/2024,$902.17,2401634,$894.36,$902.69,$888.03,53
12/02/2024,$897.74,2388966,$887.51,$902.34,$884.12,54
11/29/2024,$886.81,2027237,$882.17,$892.41,$876.68,55
11/27/2024,$877.34,2578222,$872.06,$880.95,$858.91,56
11/26/2024,$872.60,3138259,$867.49,$886.36,$867.25,57
11/25/2024,$865.59,6014203,$902.05,$902.05,$864.22,58
11/22/2024,$897.79,3214020,$896.00,$906.00,$893.00,59
11/21/2024,$897.48,4511263,$883.93,$908.00,$877.24,60
11/20/2024,$883.85,4093843,$879.98,$890.60,$868.40,61
11/19/2024,$871.32,3814227,$839.75,$874.49,$839.16,62
11/18/2024,$847.05,4084081,$815.50,$848.45,$809.33,63
11/15/2024,$823.96,3673720,$832.04,$832.04,$816.49,64
11/14/2024,$837.26,3038231,$833.67,$841.00,$830.02,65
11/13/2024,$830.47,2767772,$822.62,$836.99,$820.54,66
11/12/2024,$819.50,2814064,$807.50,$820.37,$803.75,67
11/11/2024,$805.44,2399150,$795.90,$806.82,$795.57,68
11/08/2024,$795.04,1910626,$797.36,$799.06,$788.65,69
11/07/2024,$796.54,3295074,$781.37,$798.22,$779.94,70
11/06/2024,$780.21,3690817,$771.50,$781.49,$757.38,71
11/05/2024,$763.91,2200645,$757.35,$767.53,$756.27,72
11/04/2024,$755.51,1902194,$753.14,$762.48,$749.69,73
11/01/2024,$756.10,2996829,$753.48,$763.80,$747.77,74
10/31/2024,$756.03,3057709,$753.93,$760.79,$752.23,75
10/30/2024,$753.74,1722002,$758.08,$759.79,$752.28,76
10/29/2024,$759.44,3660433,$751.13,$763.88,$748.01,77
10/28/2024,$749.12,2862405,$758.68,$758.68,$747.88,78
10/25/2024,$754.68,2819473,$756.17,$768.50,$753.53,79
10/24/2024,$754.55,2642962,$751.97,$755.82,$746.25,80
10/23/2024,$749.29,3749007,$762.83,$763.79,$744.26,81
10/22/2024,$764.24,2987252,$765.27,$769.70,$761.12,82
10/21/2024,$772.07,6057093,$765.76,$773.00,$756.60,83
10/18/2024,$763.89,15974120,$737.64,$766.28,$736.23,84
10/17/2024,$687.65,8926672,$704.35,$704.41,$677.88,85
10/16/2024,$702.00,2494276,$703.43,$705.59,$697.82,86
10/15/2024,$705.98,2932752,$712.51,$713.40,$699.78,87
10/14/2024,$713.00,2797071,$725.00,$726.62,$711.31,88
10/11/2024,$722.79,2299525,$734.90,$736.00,$721.22,89
10/10/2024,$730.29,2767862,$723.29,$733.85,$722.50,90
10/09/2024,$727.43,1981070,$719.25,$728.59,$718.87,91
10/08/2024,$721.76,3187402,$703.88,$725.06,$703.55,92
10/07/2024,$701.92,3360520,$714.76,$715.88,$696.43,93
10/04/2024,$719.70,2230139,$713.32,$721.01,$708.82,94
10/03/2024,$706.80,2256449,$704.26,$708.81,$700.00,95
10/02/2024,$711.09,1758167,$706.13,$716.21,$704.69,96
10/01/2024,$706.13,2813482,$713.64,$717.76,$698.59,97
09/30/2024,$709.27,1711508,$707.00,$711.21,$702.82,98
09/27/2024,$707.35,2395613,$708.36,$710.71,$701.25,99
09/26/2024,$711.43,2832962,$724.73,$725.26,$701.72,100
09/25/2024,$721.56,2259775,$721.00,$725.12,$716.21,101
09/24/2024,$722.26,3565731,$706.63,$722.44,$704.45,102
09/23/2024,$705.37,3224344,$702.39,$712.25,$699.16,103
09/20/2024,$701.03,3998062,$705.55,$706.67,$696.31,104
09/19/2024,$704.32,4228480,$705.00,$715.66,$695.37,105
09/18/2024,$690.47,2984411,$707.55,$707.55,$688.00,106
09/17/2024,$706.91,2298630,$700.82,$707.63,$698.37,107
09/16/2024,$696.50,1843745,$700.00,$703.02,$688.63,108
09/13/2024,$697.06,2276482,$680.01,$699.64,$680.00,109
09/12/2024,$686.80,2588437,$684.92,$694.88,$682.20,110
09/11/2024,$681.47,2391924,$677.46,$682.97,$660.80,111
09/10/2024,$673.62,2079182,$676.87,$680.59,$665.81,112
09/09/2024,$675.42,2683111,$674.00,$683.50,$672.14,113
09/06/2024,$665.77,2991265,$681.86,$683.15,$662.34,114
09/05/2024,$683.62,1810072,$673.14,$687.31,$671.86,115
09/04/2024,$679.68,1785337,$673.31,$684.65,$673.06,116
09/03/2024,$675.32,3160964,$700.10,$703.86,$671.01,117
08/30/2024,$701.35,3266723,$700.36,$701.86,$688.16,118
08/29/2024,$692.48,2186974,$690.00,$699.80,$686.07,119
08/28/2024,$683.84,2430583,$695.83,$696.67,$677.10,120
08/27/2024,$695.72,3164878,$688.53,$707.89,$686.92,121
08/26/2024,$688.44,1354154,$687.26,$690.59,$681.64,122
08/23/2024,$686.73,2354450,$694.13,$696.07,$678.63,123
08/22/2024,$688.96,2729389,$691.00,$701.50,$686.24,124
08/21/2024,$697.12,2235343,$697.00,$701.00,$691.38,125
08/20/2024,$698.54,4813118,$688.86,$711.33,$688.25,126
08/19/2024,$688.53,3016227,$674.07,$688.84,$672.91,127
08/16/2024,$674.07,3511014,$669.43,$680.23,$665.36,128
08/15/2024,$663.22,3210173,$668.49,$673.19,$659.80,129
08/14/2024,$661.68,4014344,$648.70,$663.57,$648.70,130
08/13/2024,$648.02,2639571,$638.56,$650.97,$635.50,131
08/12/2024,$633.14,2331712,$631.00,$639.00,$627.07,132
08/09/2024,$633.94,1980836,$622.99,$636.62,$622.99,133
08/08/2024,$630.35,3283542,$621.99,$632.29,$616.02,134
08/07/2024,$611.48,3187791,$616.07,$632.00,$610.64,135
08/06/2024,$609.57,4319057,$600.62,$622.45,$600.62,136
08/05/2024,$598.55,4044235,$587.04,$604.56,$587.04,137
08/02/2024,$613.64,3523003,$620.98,$625.27,$608.35,138
08/01/2024,$624.85,3720573,$629.25,$646.71,$617.61,139
07/31/2024,$628.35,3134877,$626.57,$633.60,$622.58,140
07/30/2024,$622.58,3496609,$630.17,$634.69,$617.00,141
07/29/2024,$626.96,2400537,$634.61,$634.61,$623.93,142
07/26/2024,$631.37,3120659,$645.00,$646.99,$629.77,143
07/25/2024,$634.09,4554539,$641.00,$649.98,$621.70,144
07/24/2024,$635.99,4888163,$635.74,$652.42,$632.67,145
07/23/2024,$642.76,2463579,$647.50,$649.91,$641.00,146
07/22/2024,$647.50,5219077,$639.50,$656.29,$632.60,147
07/19/2024,$633.34,9815631,$660.64,$678.97,$629.12,148
07/18/2024,$643.04,7575763,$656.60,$657.04,$639.17,149
07/17/2024,$647.46,4017277,$650.00,$650.45,$639.47,150
07/16/2024,$656.32,2685706,$661.80,$663.68,$649.13,151
07/15/2024,$656.45,3208763,$647.50,$667.54,$646.63,152
07/12/2024,$647.60,3355197,$652.75,$655.92,$643.71,153
07/11/2024,$652.75,5111928,$672.49,$672.49,$647.44,154
07/10/2024,$677.65,2651928,$685.02,$687.22,$673.16,155
07/09/2024,$685.74,2599474,$690.00,$695.27,$684.72,156
07/08/2024,$685.74,1930786,$687.00,$688.86,$681.49,157
07/05/2024,$690.65,2659065,$682.51,$697.49,$677.23,158
07/03/2024,$682.51,1403545,$677.48,$683.75,$675.50,159
07/02/2024,$679.58,2411426,$673.54,$681.74,$670.07,160
07/01/2024,$673.61,2212826,$674.89,$675.02,$663.78,161
06/28/2024,$674.88,3412391,$679.00,$687.00,$673.08,162
06/27/2024,$684.34,2404849,$679.35,$688.57,$678.14,163
06/26/2024,$677.69,3545815,$672.41,$682.96,$670.02,164
06/25/2024,$672.41,2278768,$673.44,$673.67,$662.30,165
06/24/2024,$669.02,3916335,$685.00,$685.50,$664.50,166
06/21/2024,$686.12,4557086,$683.26,$686.90,$678.10,167
06/20/2024,$679.03,2585089,$681.80,$689.88,$673.72,168
06/18/2024,$685.67,2943775,$675.63,$687.06,$674.64,169
06/17/2024,$675.83,3631184,$669.11,$682.71,$665.11,170
06/14/2024,$669.38,4447116,$655.05,$675.58,$652.64,171
06/13/2024,$653.26,1863587,$644.00,$655.25,$642.35,172
06/12/2024,$650.06,2094381,$652.21,$655.78,$643.11,173
06/11/2024,$648.55,2167417,$640.72,$650.19,$640.52,174
06/10/2024,$644.50,2066759,$641.01,$644.79,$635.59,175
06/07/2024,$641.47,1876631,$649.38,$650.40,$640.24,176
06/06/2024,$648.52,2466664,$644.89,$657.99,$644.24,177
06/05/2024,$650.27,2682614,$634.02,$651.25,$628.25,178
06/04/2024,$631.62,3008151,$633.78,$635.23,$626.44,179
06/03/2024,$633.79,2323506,$645.22,$646.78,$627.27,180
05/31/2024,$641.62,4071023,$644.01,$648.58,$628.30,181
05/30/2024,$647.66,2393354,$653.52,$656.49,$644.73,182
05/29/2024,$654.62,3695935,$644.13,$664.25,$643.89,183
05/28/2024,$649.00,2609451,$647.05,$649.75,$643.03,184
05/24/2024,$646.75,2615260,$639.40,$652.00,$637.60,185
05/23/2024,$635.67,2313939,$642.34,$642.71,$630.00,186
05/22/2024,$640.47,2176174,$647.14,$649.25,$638.12,187
05/21/2024,$650.61,2920155,$636.76,$650.88,$634.22,188
05/20/2024,$640.82,3857853,$620.40,$644.37,$619.52,189
05/17/2024,$621.10,3782708,$617.00,$625.79,$614.71,190
05/16/2024,$610.52,3056350,$615.75,$618.34,$609.09,191
05/15/2024,$613.52,5670607,$618.57,$624.10,$609.10,192
05/14/2024,$613.66,2792358,$615.17,$621.48,$608.40,193
05/13/2024,$616.59,2086197,$614.30,$618.22,$606.83,194
05/10/2024,$610.87,2653586,$619.00,$623.98,$605.06,195
05/09/2024,$612.09,2065375,$614.40,$615.72,$605.75,196
05/08/2024,$609.47,3093904,$601.63,$618.22,$601.63,197
05/07/2024,$606.00,3614092,$596.28,$606.05,$591.32,198
05/06/2024,$596.97,3686337,$581.82,$597.34,$580.25,199
05/03/2024,$579.34,3307524,$566.00,$580.26,$565.16,200
05/02/2024,$565.15,3068228,$556.02,$565.46,$555.59,201
05/01/2024,$551.71,3473233,$547.84,$560.39,$544.25,202
04/30/2024,$550.64,3361492,$560.00,$560.00,$549.38,203
04/29/2024,$559.49,2508882,$559.18,$559.64,$554.24,204
04/26/2024,$561.23,4332593,$558.21,$562.92,$553.19,205
04/25/2024,$564.80,3807101,$549.46,$566.54,$545.71,206
04/24/2024,$555.12,5355312,$574.31,$576.91,$551.30,207
04/23/2024,$577.75,4975520,$556.49,$579.21,$555.28,208
04/22/2024,$554.60,8597651,$550.66,$558.61,$542.01,209
04/19/2024,$555.04,16449700,$567.88,$579.00,$552.16,210
04/18/2024,$610.56,8468407,$612.10,$621.33,$605.44,211
04/17/2024,$613.69,3312222,$620.97,$620.97,$607.71,212
04/16/2024,$617.52,3519122,$607.50,$622.45,$607.50,213
04/15/2024,$607.15,3085394,$630.17,$630.17,$603.87,214
04/12/2024,$622.83,2959269,$628.23,$633.12,$618.92,215
04/11/2024,$628.78,2662662,$624.42,$631.66,$617.24,216
04/10/2024,$618.58,2806248,$610.97,$620.14,$609.34,217
04/09/2024,$618.20,2146635,$631.99,$631.99,$615.63,218
04/08/2024,$628.41,2145731,$636.39,$639.00,$628.11,219
04/05/2024,$636.18,3378842,$624.92,$637.91,$622.71,220
04/04/2024,$617.14,3064349,$633.21,$638.00,$616.58,221
04/03/2024,$630.08,2931231,$612.75,$630.41,$611.50,222
04/02/2024,$614.21,2029217,$611.00,$615.03,$605.51,223
04/01/2024,$614.31,2115925,$608.00,$615.11,$605.57,224
03/28/2024,$607.33,3708803,$614.99,$615.00,$601.59,225
03/27/2024,$613.53,2628267,$629.01,$631.35,$610.73,226
03/26/2024,$629.24,2804453,$625.20,$634.39,$619.18,227
03/25/2024,$627.46,1803264,$627.90,$630.46,$623.16,228
03/22/2024,$628.01,2135688,$624.16,$629.05,$621.00,229
03/21/2024,$622.71,2507671,$630.65,$634.36,$622.33,230
03/20/2024,$627.69,2639509,$619.95,$629.51,$618.34,231
03/19/2024,$620.74,2142613,$615.62,$621.28,$608.00,232
03/18/2024,$618.39,3344244,$613.56,$627.41,$610.45,233
03/15/2024,$605.88,6671629,$622.92,$622.92,$603.82,234
03/14/2024,$613.01,3120452,$615.00,$620.80,$607.35,235
03/13/2024,$609.45,2192094,$613.37,$614.85,$607.21,236
03/12/2024,$611.08,2821631,$600.21,$615.30,$596.27,237
03/11/2024,$600.93,2500940,$608.08,$611.00,$600.37,238
03/08/2024,$604.82,2777243,$608.27,$616.09,$600.84,239
03/07/2024,$608.51,2742805,$599.34,$610.53,$595.90,240
03/06/2024,$597.69,2469592,$602.99,$607.93,$593.56,241
03/05/2024,$598.50,3849563,$610.10,$610.91,$592.00,242
03/04/2024,$615.83,3020306,$621.56,$624.42,$615.08,243
03/01/2024,$619.34,4270305,$599.81,$620.28,$599.50,244
02/29/2024,$602.92,3572082,$604.25,$604.52,$595.16,245
02/28/2024,$596.48,2605242,$595.79,$598.17,$590.01,246
02/27/2024,$601.67,4489355,$595.00,$605.36,$592.33,247
02/26/2024,$587.65,2393712,$583.56,$590.75,$583.27,248
02/23/2024,$583.56,2568852,$586.40,$592.43,$579.82,249
02/22/2024,$588.47,3526597,$582.75,$590.85,$578.89,250
02/21/2024,$573.35,2281143,$573.51,$575.78,$567.32,251
02/20/2024,$575.13,3124236,$580.18,$586.00,$569.66,252
02/16/2024,$583.95,4325689,$596.95,$597.00,$577.46,253
02/15/2024,$593.46,5220938,$581.91,$593.77,$580.32,254
02/14/2024,$579.33,5634226,$567.26,$581.25,$564.34,255
02/13/2024,$554.52,3511453,$550.80,$559.20,$549.00,256
02/12/2024,$557.85,3608487,$560.36,$568.44,$557.00,257
02/09/2024,$561.32,3055698,$565.00,$566.00,$558.10,258
02/08/2024,$558.53,3175468,$560.55,$563.70,$555.74,259
02/07/2024,$559.30,4373591,$558.16,$567.80,$554.98,260
02/06/2024,$555.88,2840300,$564.12,$566.34,$554.37,261
02/05/2024,$562.06,4143099,$562.47,$575.75,$557.20,262
02/02/2024,$564.64,4032843,$564.52,$567.80,$562.37,263
02/01/2024,$567.51,3174002,$567.02,$572.66,$563.83,264
01/31/2024,$564.11,4857599,$562.85,$572.15,$562.05,265
01/30/2024,$562.85,6181798,$567.32,$570.88,$560.82,266
01/29/2024,$575.79,6905390,$571.35,$578.55,$562.68,267
01/26/2024,$570.42,12770570,$561.81,$579.64,$558.43,268
01/25/2024,$562.00,9451915,$551.95,$563.46,$548.46,269
01/24/2024,$544.87,26432800,$537.75,$562.50,$537.07,270
01/23/2024,$492.19,15506020,$492.00,$498.96,$481.40,271
01/22/2024,$485.71,5212309,$487.55,$489.80,$479.90,272
01/19/2024,$482.95,5672351,$484.98,$485.67,$476.06,273
01/18/2024,$485.31,4054399,$480.03,$485.77,$478.02,274
01/17/2024,$480.33,4894593,$484.50,$486.21,$475.26,275
01/16/2024,$481.24,4678974,$490.00,$494.15,$478.02,276
01/12/2024,$492.16,5003718,$500.51,$500.79,$490.61,277
01/11/2024,$492.23,7993265,$492.54,$503.41,$483.82,278
01/10/2024,$478.33,4342448,$481.60,$487.00,$472.95,279
01/09/2024,$482.09,3526757,$475.53,$485.09,$473.80,280
01/08/2024,$485.03,3675775,$473.89,$485.24,$473.65,281
01/05/2024,$474.06,2631250,$476.50,$479.55,$471.80,282
01/04/2024,$474.67,3636513,$472.98,$480.74,$466.53,283
01/03/2024,$470.26,3443694,$467.32,$475.05,$465.77,284
01/02/2024,$468.50,5049423,$483.19,$484.65,$461.86,285
12/29/2023,$486.88,2740555,$490.37,$492.23,$481.94,286
12/28/2023,$490.51,1710492,$492.00,$492.89,$489.07,287
12/27/2023,$491.79,2561330,$491.24,$494.02,$489.25,288
12/26/2023,$491.19,2034517,$489.39,$491.48,$486.38,289
12/22/2023,$486.76,2702672,$494.00,$496.02,$485.45,290
12/21/2023,$491.61,2756225,$492.66,$494.40,$486.77,291
12/20/2023,$489.27,4563690,$492.00,$500.89,$488.39,292
12/19/2023,$495.02,3849014,$488.40,$496.14,$484.06,293
12/18/2023,$486.12,6410660,$476.30,$492.04,$475.10,294
12/15/2023,$472.06,7840992,$467.30,$473.00,$467.30,295
12/14/2023,$469.83,5176437,$480.36,$480.76,$464.76,296
12/13/2023,$479.98,5820192,$461.98,$481.25,$461.98,297
12/12/2023,$463.00,3302660,$465.23,$465.61,$459.20,298
12/11/2023,$459.89,4929662,$459.36,$470.65,$457.21,299
12/08/2023,$453.76,3458384,$450.76,$455.50,$450.76,300
12/07/2023,$452.00,3506722,$450.85,$452.89,$448.32,301
12/06/2023,$446.73,4178755,$460.00,$460.50,$445.73,302
12/05/2023,$455.15,3380674,$450.70,$456.39,$449.58,303
12/04/2023,$453.90,5157713,$460.99,$461.20,$451.20,304
12/01/2023,$465.74,4341471,$473.17,$475.23,$464.60,305
11/30/2023,$473.97,4287349,$475.31,$478.59,$470.42,306
11/29/2023,$477.19,2855540,$479.00,$480.99,$474.49,307
11/28/2023,$479.00,2890164,$478.11,$480.50,$475.95,308
11/27/2023,$479.17,3625924,$479.03,$482.00,$475.35,309
11/24/2023,$479.56,1404732,$477.11,$480.40,$475.20,310
11/22/2023,$478.00,2843891,$476.80,$482.70,$476.56,311
11/21/2023,$474.95,2997723,$472.63,$477.02,$471.21,312
11/20/2023,$474.47,3621095,$465.40,$476.76,$465.40,313
11/17/2023,$465.91,2800214,$466.95,$467.65,$462.76,314
11/16/2023,$466.95,3655974,$463.00,$467.28,$459.65,315
11/15/2023,$461.94,5035283,$452.81,$462.75,$452.45,316
11/14/2023,$448.65,4060884,$448.78,$454.08,$445.64,317
11/13/2023,$444.62,2896143,$447.25,$448.43,$442.60,318
11/10/2023,$447.24,4443284,$437.48,$447.48,$435.51,319
11/09/2023,$435.15,2735507,$438.03,$440.38,$434.35,320
11/08/2023,$436.65,2356845,$435.00,$438.07,$433.68,321
11/07/2023,$434.61,3291064,$436.18,$437.64,$431.00,322
11/06/2023,$434.74,3003235,$434.38,$435.03,$429.61,323
11/03/2023,$432.36,3667051,$428.76,$434.82,$425.53,324
11/02/2023,$424.71,4475984,$421.17,$426.69,$417.10,325
11/01/2023,$420.19,4806108,$414.77,$420.60,$414.18,326
10/31/2023,$411.69,3877623,$409.24,$412.52,$404.63,327
10/30/2023,$410.08,5317147,$402.35,$412.82,$399.41,328
10/27/2023,$397.87,4997612,$406.42,$410.21,$395.62,329
10/26/2023,$403.54,6849702,$411.42,$417.31,$401.54,330
10/25/2023,$411.25,6299587,$416.02,$418.84,$410.11,331
10/24/2023,$413.73,6459247,$409.68,$416.69,$408.39,332
10/23/2023,$406.84,7390032,$403.32,$407.54,$398.52,333
10/20/2023,$400.96,12782920,$405.63,$410.64,$398.01,334
10/19/2023,$401.77,28074420,$404.74,$408.95,$392.26,335
10/18/2023,$346.19,11429640,$351.00,$354.79,$344.73,336
10/17/2023,$355.72,5908412,$361.10,$362.70,$353.89,337
10/16/2023,$360.82,5128947,$356.21,$363.08,$354.77,338
10/13/2023,$355.68,6316320,$355.64,$358.93,$352.05,339
10/12/2023,$361.20,7376086,$366.48,$368.83,$359.05,340
10/11/2023,$365.93,9151395,$372.78,$377.81,$365.34,341
10/10/2023,$373.32,7288939,$385.58,$388.70,$372.25,342
10/09/2023,$385.95,3299802,$378.05,$387.17,$377.76,343
10/06/2023,$381.51,4778118,$368.43,$382.52,$367.77,344
10/05/2023,$372.59,5034773,$378.01,$378.60,$367.24,345
10/04/2023,$376.90,4303658,$376.50,$380.22,$373.58,346
10/03/2023,$376.75,8878134,$377.11,$394.90,$372.85,347
10/02/2023,$380.33,3102101,$377.48,$384.81,$376.80,348
09/29/2023,$377.60,4205298,$380.00,$382.58,$375.35,349
09/28/2023,$376.36,4369906,$375.60,$378.96,$371.10,350
09/27/2023,$377.59,3843521,$382.40,$384.22,$376.25,351
09/26/2023,$379.25,4089392,$382.88,$384.56,$377.36,352
09/25/2023,$384.80,3757278,$382.90,$386.62,$380.81,353
09/22/2023,$379.81,3699796,$385.00,$386.88,$378.36,354
09/21/2023,$384.15,5556388,$386.50,$395.90,$383.42,355
09/20/2023,$386.30,3866619,$397.05,$397.99,$386.12,356
09/19/2023,$396.20,4080054,$392.84,$398.23,$390.25,357
09/18/2023,$394.40,4704706,$395.50,$399.47,$392.60,358
09/15/2023,$396.94,9116745,$401.00,$404.70,$395.03,359
09/14/2023,$400.49,10709040,$410.40,$411.39,$400.00,360
09/13/2023,$412.24,11843030,$435.50,$438.40,$410.69,361
09/12/2023,$434.69,3124024,$442.85,$445.44,$434.12,362
09/11/2023,$445.36,2913767,$443.07,$449.89,$442.75,363
09/08/2023,$442.80,2704353,$443.56,$446.81,$438.85,364
09/07/2023,$443.14,2922676,$441.15,$444.60,$436.70,365
09/06/2023,$445.76,3862274,$448.61,$451.39,$440.49,366
09/05/2023,$448.68,6155865,$438.39,$453.45,$438.00,367
09/01/2023,$439.88,4793379,$437.73,$445.50,$435.93,368
08/31/2023,$433.68,3802954,$431.23,$437.15,$431.23,369
08/30/2023,$434.67,3625380,$430.85,$438.16,$428.35,370
08/29/2023,$429.99,4486703,$416.00,$432.17,$414.50,371
08/28/2023,$418.06,2928613,$418.04,$419.83,$413.27,372
08/25/2023,$416.03,5390933,$412.00,$419.25,$407.56,373
08/24/2023,$406.93,5687799,$425.41,$427.59,$406.17,374
08/23/2023,$427.55,8174732,$418.40,$437.02,$417.71,375
08/22/2023,$413.17,3603273,$409.00,$415.74,$407.40,376
08/21/2023,$408.29,3861579,$402.23,$409.61,$399.50,377
08/18/2023,$404.53,4312196,$399.33,$406.52,$398.15,378
08/17/2023,$403.00,6031469,$415.00,$415.24,$401.58,379
08/16/2023,$415.45,3967021,$423.73,$424.51,$415.25,380
08/15/2023,$423.70,3367998,$424.41,$429.12,$421.04,381
08/14/2023,$427.78,3965963,$421.99,$428.85,$418.78,382
08/11/2023,$421.66,3927914,$428.98,$430.63,$421.33,383
08/10/2023,$429.98,5467607,$431.12,$438.12,$428.69,384
08/09/2023,$428.90,3846639,$439.74,$440.62,$427.59,385
08/08/2023,$438.30,3767195,$440.36,$443.57,$435.10,386
08/07/2023,$440.76,4781303,$436.46,$441.11,$428.91,387
08/04/2023,$431.60,5441811,$433.06,$436.50,$426.27,388
08/03/2023,$431.00,6259309,$427.80,$441.93,$427.19,389
08/02/2023,$429.70,4921781,$435.23,$435.56,$426.56,390
08/01/2023,$438.62,5725544,$437.37,$445.25,$431.40,391
07/31/2023,$438.97,6587619,$426.51,$439.13,$426.30,392
07/28/2023,$425.78,6428073,$415.56,$427.47,$413.76,393
07/27/2023,$413.17,6594466,$426.90,$427.52,$411.88,394
07/26/2023,$422.67,6009242,$424.20,$425.26,$415.59,395
07/25/2023,$427.70,4859843,$427.18,$430.88,$426.13,396
07/24/2023,$428.37,8282434,$425.00,$428.64,$419.19,397
07/21/2023,$427.50,17340030,$437.37,$438.24,$423.19,398
07/20/2023,$437.42,23989710,$447.00,$448.50,$432.00,399
07/19/2023,$477.59,20996480,$476.86,$485.00,$470.00,400
07/18/2023,$474.80,13196880,$451.00,$478.15,$448.78,401
07/17/2023,$450.05,6901141,$445.57,$456.68,$445.11,402
07/14/2023,$441.91,7195860,$452.79,$456.48,$439.70,403
07/13/2023,$450.38,6157475,$447.00,$451.67,$441.18,404
07/12/2023,$444.05,5731657,$444.55,$445.41,$437.75,405
07/11/2023,$440.21,4574559,$438.65,$440.80,$431.04,406
07/10/2023,$441.71,4251737,$438.52,$444.41,$436.82,407
07/07/2023,$438.10,4165144,$438.60,$442.33,$435.84,408
07/06/2023,$438.84,4944892,$440.00,$442.80,$430.72,409
07/05/2023,$445.90,6875414,$444.91,$450.97,$439.62,410
07/03/2023,$441.44,3728461,$439.76,$441.55,$431.62,411
06/30/2023,$440.49,7346394,$431.10,$444.12,$431.10,412
06/29/2023,$428.24,4932310,$434.33,$437.85,$426.15,413
06/28/2023,$429.84,8811342,$423.10,$437.29,$422.89,414
06/27/2023,$417.08,4818066,$417.39,$420.88,$411.50,415
06/26/2023,$415.94,4640022,$422.44,$430.96,$414.90,416
06/23/2023,$424.02,8298600,$418.59,$425.82,$417.73,417
06/22/2023,$422.48,4872246,$422.93,$424.71,$418.68,418
06/21/2023,$424.45,5146441,$432.65,$434.55,$422.54,419
06/20/2023,$434.70,4762313,$430.18,$440.00,$430.00,420
06/16/2023,$431.96,8753740,$446.15,$447.51,$430.90,421
06/15/2023,$445.27,7099915,$444.10,$448.65,$439.50,422
06/14/2023,$440.86,8413089,$434.99,$447.33,$433.50,423
06/13/2023,$435.73,7820535,$430.01,$437.27,$428.40,424
06/12/2023,$423.97,5967712,$418.83,$424.70,$416.57,425
06/09/2023,$420.02,12372830,$424.50,$425.90,$414.76,426
06/08/2023,$409.37,5991087,$399.77,$409.54,$396.34,427
06/07/2023,$399.77,11932390,$410.43,$418.95,$399.23,428
06/06/2023,$399.29,4991532,$405.00,$405.12,$396.93,429
06/05/2023,$403.54,7247413,$400.47,$413.86,$400.15,430
06/02/2023,$400.47,5902381,$402.89,$406.58,$395.90,431
06/01/2023,$403.13,7160145,$397.41,$407.52,$393.08,432
05/31/2023,$395.23,6988047,$391.89,$396.26,$388.91,433
05/30/2023,$392.98,10864990,$397.48,$405.11,$385.79,434
05/26/2023,$378.88,9360436,$361.10,$383.76,$356.00,435
05/25/2023,$359.00,6263105,$359.61,$367.45,$357.42,436
05/24/2023,$364.85,7973316,$356.93,$367.15,$356.63,437
05/23/2023,$355.99,6866078,$360.24,$364.17,$354.31,438
05/22/2023,$363.01,5406420,$365.36,$372.01,$362.50,439
05/19/2023,$365.36,7859703,$369.86,$369.99,$363.81,440
05/18/2023,$371.29,20925240,$347.25,$375.87,$346.37,441
05/17/2023,$339.96,3958807,$331.76,$341.38,$329.62,442
05/16/2023,$333.75,3334863,$334.00,$335.17,$331.91,443
05/15/2023,$335.89,3652970,$340.62,$341.90,$335.54,444
05/12/2023,$339.89,6082360,$344.76,$348.17,$337.36,445
05/11/2023,$344.76,8033531,$334.98,$345.47,$331.84,446
05/10/2023,$335.42,4289897,$335.21,$337.11,$329.51,447
05/09/2023,$332.14,5544852,$330.67,$336.32,$329.74,448
05/08/2023,$331.21,5488593,$322.99,$332.56,$322.03,449
05/05/2023,$322.76,3990637,$323.61,$324.15,$319.44,450
05/04/2023,$320.78,3879657,$319.01,$323.61,$317.95,451
05/03/2023,$319.30,5064057,$317.55,$324.62,$315.85,452
05/02/2023,$317.55,4318612,$325.00,$326.07,$315.62,453
05/01/2023,$324.12,5341484,$329.44,$331.23,$318.09,454
04/28/2023,$329.93,4228374,$325.24,$330.81,$324.00,455
04/27/2023,$325.85,5618768,$324.30,$327.45,$317.44,456
04/26/2023,$321.15,4623238,$321.36,$325.90,$320.47,457
04/25/2023,$322.55,5426642,$328.50,$328.66,$321.10,458
04/24/2023,$329.02,5586627,$330.20,$334.66,$326.75,459
04/21/2023,$327.98,6348000,$323.00,$328.29,$319.50,460
04/20/2023,$325.35,9947800,$320.39,$331.43,$318.33,461
04/19/2023,$323.12,22128270,$324.21,$325.75,$316.10,462
04/18/2023,$333.70,17944500,$335.00,$337.19,$330.50,463
04/17/2023,$332.72,6136047,$338.00,$338.39,$327.50,464
04/14/2023,$338.63,5350508,$342.94,$344.85,$336.41,465
04/13/2023,$346.19,7406437,$339.99,$346.43,$338.75,466
04/12/2023,$331.03,3965440,$340.81,$342.80,$330.04,467
04/11/2023,$338.21,4044778,$343.45,$347.14,$337.64,468
04/10/2023,$338.99,2657898,$335.27,$339.88,$333.36,469
04/06/2023,$339.33,4660542,$339.34,$340.48,$332.63,470
04/05/2023,$342.35,4205545,$345.30,$345.43,$336.25,471
04/04/2023,$346.75,3298072,$348.49,$349.80,$343.95,472
04/03/2023,$348.28,4413650,$341.83,$348.58,$340.40,473
03/31/2023,$345.48,5610161,$340.05,$345.84,$337.20,474
03/30/2023,$338.43,7131468,$340.27,$343.29,$335.30,475
03/29/2023,$332.03,6287336,$326.29,$332.85,$325.73,476
03/28/2023,$323.52,6489388,$326.06,$333.32,$321.28,477
03/27/2023,$327.66,8625763,$327.55,$336.44,$324.41,478
03/24/2023,$328.39,13004090,$320.63,$331.83,$320.63,479
03/23/2023,$320.37,15653350,$304.68,$322.78,$304.14,480
03/22/2023,$293.90,5808035,$306.31,$306.45,$293.54,481
03/21/2023,$305.79,4886279,$306.32,$307.92,$300.43,482
03/20/2023,$305.13,5113430,$299.79,$307.50,$296.00,483
03/17/2023,$303.50,6918777,$310.06,$310.76,$300.00,484
03/16/2023,$310.06,7912371,$304.75,$316.60,$301.71,485
03/15/2023,$303.79,9215340,$292.51,$306.31,$292.28,486
03/14/2023,$294.94,5956692,$295.97,$297.45,$290.31,487
03/13/2023,$293.51,6292385,$287.34,$299.24,$285.33,488
03/10/2023,$292.76,5759315,$297.91,$298.79,$289.00,489
03/09/2023,$297.78,7443350,$312.08,$312.51,$294.88,490
03/08/2023,$311.79,3479474,$309.29,$311.83,$305.75,491
03/07/2023,$308.47,4553082,$312.68,$314.30,$306.62,492
03/06/2023,$312.03,5660743,$317.00,$323.30,$311.84,493
03/03/2023,$315.18,5953319,$315.45,$317.49,$310.82,494
03/02/2023,$311.88,4921053,$310.96,$315.57,$310.38,495
03/01/2023,$313.48,4911311,$321.55,$326.60,$312.36,496
02/28/2023,$322.13,3676075,$323.70,$327.62,$321.17,497
02/27/2023,$323.03,6142580,$323.87,$330.00,$322.12,498
02/24/2023,$317.15,6830692,$319.30,$321.50,$314.52,499
02/23/2023,$323.65,13238670,$331.23,$331.28,$314.30,500
02/22/2023,$334.88,4546249,$337.50,$341.91,$332.82,501
02/21/2023,$337.50,5710292,$342.85,$344.13,$336.42,502
02/17/2023,$347.96,5294727,$347.91,$349.00,$342.44,503
02/16/2023,$350.71,5215726,$355.00,$361.50,$350.31,504
02/15/2023,$361.42,3969945,$356.63,$362.88,$354.24,505
02/14/2023,$359.96,4624758,$357.55,$363.75,$353.40,506
02/13/2023,$358.57,7134445,$349.50,$359.70,$344.25,507
02/10/2023,$347.36,7291096,$359.16,$362.14,$347.14,508
02/09/2023,$362.50,6901100,$372.41,$373.83,$361.74,509
02/08/2023,$366.83,6253179,$360.02,$368.19,$358.31,510
02/07/2023,$362.95,6289368,$358.51,$364.18,$354.18,511
02/06/2023,$361.48,4994942,$363.64,$368.45,$360.68,512
02/03/2023,$365.90,9402034,$359.08,$379.43,$359.00,513
02/02/2023,$366.89,7856952,$365.16,$368.32,$358.43,514
02/01/2023,$361.99,8005170,$353.86,$365.39,$349.91,515
01/31/2023,$353.86,5660738,$349.98,$355.95,$348.71,516
01/30/2023,$353.11,5127593,$358.44,$360.95,$352.86,517
01/27/2023,$360.77,6703548,$363.20,$365.92,$360.59,518
01/26/2023,$364.87,8256844,$368.77,$369.02,$361.70,519
01/25/2023,$367.96,7766907,$360.57,$368.90,$358.50,520
01/24/2023,$363.83,11796530,$357.53,$365.65,$355.14,521
01/23/2023,$357.42,15646850,$341.72,$362.25,$340.63,522
01/20/2023,$342.50,28430340,$336.79,$344.00,$332.63,523
01/19/2023,$315.78,18008200,$322.57,$324.89,$313.39,524
01/18/2023,$326.33,7814115,$326.75,$330.08,$321.25,525
01/17/2023,$326.22,9246987,$331.08,$332.50,$323.60,526
01/13/2023,$332.82,8286816,$329.97,$336.65,$328.89,527
01/12/2023,$330.13,10856250,$332.50,$332.95,$323.14,528
01/11/2023,$327.26,9579681,$326.50,$328.88,$321.35,529
01/10/2023,$327.54,13072290,$311.07,$329.35,$311.07,530
01/09/2023,$315.17,6766628,$316.83,$321.70,$313.22,531
01/06/2023,$315.55,8959839,$311.57,$316.77,$303.69,532
01/05/2023,$309.70,8328390,$307.00,$314.18,$304.55,533
01/04/2023,$309.41,9345054,$298.24,$311.14,$295.51,534
01/03/2023,$294.95,6763964,$298.06,$298.39,$288.70,535
12/30/2022,$294.88,7566892,$285.53,$295.01,$283.22,536
12/29/2022,$291.12,9588527,$283.18,$295.50,$281.01,537
12/28/2022,$276.88,5964369,$281.92,$285.19,$273.41,538
12/27/2022,$284.17,5778098,$293.19,$293.57,$282.13,539
12/23/2022,$294.97,4251108,$296.18,$298.46,$291.91,540
12/22/2022,$297.75,7856192,$298.09,$298.88,$290.81,541
12/21/2022,$297.96,6376173,$289.99,$300.66,$286.50,542
12/20/2022,$288.19,6918114,$281.24,$289.28,$280.81,543
12/19/2022,$288.30,6163667,$289.73,$292.25,$286.13,544
12/16/2022,$290.71,14080050,$288.76,$294.72,$288.70,545
12/15/2022,$290.41,17724560,$302.12,$303.39,$286.55,546
12/14/2022,$317.83,7543291,$318.97,$324.71,$314.42,547
12/13/2022,$320.34,10756430,$328.00,$332.72,$317.20,548
12/12/2022,$315.18,10148610,$320.00,$323.18,$308.85,549
12/09/2022,$320.01,14364030,$321.45,$329.00,$319.52,550
12/08/2022,$310.26,7205326,$309.11,$312.38,$304.81,551
12/07/2022,$308.42,7821634,$306.50,$309.61,$302.10,552
12/06/2022,$305.56,7195395,$311.00,$313.22,$303.13,553
12/05/2022,$312.59,8423029,$316.46,$322.77,$310.92,554
12/02/2022,$320.41,12690600,$310.49,$321.99,$310.00,555
12/01/2022,$316.95,14664870,$303.99,$319.80,$303.03,556
11/30/2022,$305.53,16070120,$281.37,$308.26,$280.41,557
11/29/2022,$280.96,5786874,$282.50,$282.96,$275.94,558
11/28/2022,$281.17,4707049,$284.00,$289.55,$280.53,559
11/25/2022,$285.54,3235953,$289.00,$289.21,$284.17,560
11/23/2022,$291.50,5918988,$285.91,$292.47,$283.76,561
11/22/2022,$286.69,6245119,$284.99,$286.98,$277.34,562
11/21/2022,$285.05,7256507,$291.00,$291.87,$282.66,563
11/18/2022,$287.98,8400108,$297.33,$298.00,$287.00,564
11/17/2022,$295.28,9838220,$294.72,$299.82,$291.00,565
11/16/2022,$306.02,8038556,$309.94,$310.49,$303.61,566
11/15/2022,$310.20,14626930,$309.20,$312.71,$302.55,567
11/14/2022,$299.27,17973400,$290.00,$311.00,$288.19,568
11/11/2022,$290.13,9573834,$274.47,$290.66,$271.56,569
11/10/2022,$274.97,9667323,$265.99,$275.36,$260.09,570
11/09/2022,$254.66,7265994,$259.66,$260.90,$254.22,571
11/08/2022,$263.46,7683826,$259.92,$266.08,$256.88,572
11/07/2022,$258.60,7927033,$261.06,$261.16,$252.09,573
11/04/2022,$260.79,11124690,$272.02,$274.97,$255.32,574
11/03/2022,$269.06,7057350,$271.25,$276.29,$268.80,575
11/02/2022,$273.00,10367620,$286.40,$287.33,$272.84,576
11/01/2022,$286.75,6916424,$296.17,$299.70,$286.42,577
10/31/2022,$291.88,7505133,$295.13,$297.62,$289.50,578
10/28/2022,$295.72,9960547,$297.70,$301.19,$292.29,579
10/27/2022,$296.94,14612590,$298.33,$305.21,$294.78,580
10/26/2022,$298.62,15749250,$290.04,$305.63,$288.04,581
10/25/2022,$291.02,15100720,$286.95,$297.59,$285.55,582
10/24/2022,$282.45,13326420,$290.23,$290.49,$280.36,583
10/21/2022,$289.57,24889060,$268.95,$290.75,$265.68,584
10/20/2022,$268.16,17207100,$272.78,$278.38,$266.38,585
10/19/2022,$272.38,46685260,$265.00,$279.30,$262.66,586
10/18/2022,$240.86,25776730,$249.80,$250.37,$237.73,587
10/17/2022,$245.10,21057820,$234.41,$249.92,$234.40,588
10/14/2022,$230.00,15293400,$237.80,$238.80,$229.51,589
10/13/2022,$232.51,17505010,$212.69,$234.47,$211.73,590
10/12/2022,$220.87,12952640,$214.30,$223.67,$212.64,591
10/11/2022,$214.29,15282410,$226.05,$230.44,$213.70,592
10/10/2022,$229.98,9991145,$225.64,$233.83,$224.23,593
10/07/2022,$224.75,9806128,$235.77,$237.33,$224.28,594
10/06/2022,$240.02,9188940,$236.68,$244.28,$233.91,595
10/05/2022,$236.73,10825630,$238.76,$241.59,$227.38,596
10/04/2022,$240.74,13925850,$244.84,$245.80,$233.25,597
10/03/2022,$239.04,8657443,$237.85,$241.54,$232.85,598
09/30/2022,$235.44,11848610,$237.00,$242.44,$233.26,599
09/29/2022,$239.71,18994940,$241.61,$246.98,$235.68,600
09/28/2022,$245.20,17579670,$229.69,$246.65,$227.38,601
09/27/2022,$224.36,7762223,$228.63,$230.64,$220.72,602
09/26/2022,$224.07,8234285,$225.60,$232.70,$223.01,603
09/23/2022,$226.41,11207230,$235.14,$236.45,$221.43,604
09/22/2022,$237.05,10017970,$235.35,$240.50,$231.66,605
09/21/2022,$236.87,9166772,$242.67,$248.30,$236.68,606
09/20/2022,$242.85,16037430,$240.37,$250.49,$239.66,607
09/19/2022,$243.63,17912370,$245.05,$245.25,$235.75,608
09/16/2022,$240.13,18914180,$231.22,$241.36,$227.83,609
09/15/2022,$235.38,19454120,$230.47,$242.29,$229.10,610
09/14/2022,$224.12,8230340,$219.82,$228.00,$215.80,611
09/13/2022,$218.13,8000128,$226.50,$227.69,$217.72,612
09/12/2022,$236.53,6047425,$233.61,$239.49,$233.37,613
09/09/2022,$233.57,6702060,$229.62,$234.78,$229.62,614
09/08/2022,$227.44,6737436,$224.16,$228.74,$221.30,615
09/07/2022,$228.96,8149329,$220.21,$229.33,$218.27,616
09/06/2022,$218.39,7469016,$225.59,$226.85,$214.69,617
09/02/2022,$226.11,8164883,$231.03,$233.88,$225.04,618
09/01/2022,$230.04,7292917,$220.72,$230.37,$219.47,619
08/31/2022,$223.56,8615906,$227.00,$233.88,$223.43,620
08/30/2022,$220.65,5740434,$226.66,$229.79,$218.74,621
08/29/2022,$224.57,7109397,$221.93,$229.87,$221.52,622
08/26/2022,$223.28,5349848,$233.63,$236.95,$223.15,623
08/25/2022,$233.98,3766867,$230.24,$234.16,$229.00,624
08/24/2022,$229.61,5426316,$225.66,$234.10,$223.94,625
08/23/2022,$224.55,5276945,$226.46,$229.90,$224.30,626
08/22/2022,$226.54,8630094,$232.55,$233.48,$224.59,627
08/19/2022,$241.16,7504707,$240.95,$243.29,$235.68,628
08/18/2022,$245.17,5280387,$241.96,$246.48,$239.28,629
08/17/2022,$241.15,5627224,$241.18,$244.24,$237.56,630
08/16/2022,$245.69,5136806,$247.16,$249.29,$244.03,631
08/15/2022,$249.11,6527391,$248.11,$251.99,$247.51,632
08/12/2022,$249.30,6098531,$244.81,$249.41,$243.76,633
08/11/2022,$242.70,8780062,$244.68,$251.62,$241.51,634
08/10/2022,$244.11,9254760,$236.99,$244.54,$236.60,635
08/09/2022,$229.94,6181194,$231.62,$232.20,$224.65,636
08/08/2022,$233.49,10997410,$227.49,$241.96,$226.41,637
08/05/2022,$226.78,5539733,$225.30,$228.62,$222.87,638
08/04/2022,$229.91,7142741,$227.68,$232.07,$225.05,639
08/03/2022,$226.73,6400701,$224.79,$228.10,$222.42,640
08/02/2022,$221.42,6361327,$222.76,$228.20,$220.88,641
08/01/2022,$226.21,5525044,$223.10,$228.39,$221.00,642
07/29/2022,$224.90,9064937,$223.29,$230.75,$222.40,643
07/28/2022,$226.02,8972738,$224.60,$228.10,$219.67,644
07/27/2022,$226.75,10508390,$216.48,$227.78,$214.58,645
07/26/2022,$213.91,9508532,$216.66,$219.39,$211.64,646
07/25/2022,$218.51,10935250,$221.31,$225.23,$216.35,647
07/22/2022,$220.44,17805450,$222.38,$229.35,$218.44,648
07/21/2022,$223.88,23430120,$214.30,$224.32,$211.50,649
07/20/2022,$216.44,53920270,$208.17,$216.97,$200.10,650
07/19/2022,$201.63,28178720,$193.02,$201.97,$188.40,651
07/18/2022,$190.92,16322850,$192.50,$199.67,$189.80,652
07/15/2022,$189.11,16319120,$175.58,$189.22,$174.56,653
07/14/2022,$174.78,9039457,$175.56,$177.52,$171.82,654
07/13/2022,$176.56,12734420,$170.50,$179.18,$169.70,655
07/12/2022,$174.45,6845264,$177.33,$179.78,$173.42,656
07/11/2022,$177.34,6048447,$184.73,$184.99,$176.89,657
07/08/2022,$186.98,5835680,$186.02,$189.91,$182.75,658
07/07/2022,$189.27,6334545,$184.27,$190.21,$183.50,659
07/06/2022,$184.06,5753385,$185.20,$186.22,$180.82,660
07/05/2022,$185.88,7339023,$176.28,$185.92,$172.68,661
07/01/2022,$179.95,5201583,$176.49,$180.10,$174.27,662
06/30/2022,$174.87,7894710,$177.07,$179.45,$170.30,663
06/29/2022,$178.36,5766847,$179.55,$180.67,$175.10,664
06/28/2022,$179.60,7201897,$189.20,$192.20,$179.37,665
06/27/2022,$189.14,8363879,$191.77,$191.78,$182.39,666
06/24/2022,$190.85,12423970,$183.50,$191.19,$181.84,667
06/23/2022,$181.71,9538226,$180.50,$182.76,$175.87,668
06/22/2022,$178.89,12010620,$170.75,$182.82,$170.20,669
06/21/2022,$170.91,12177590,$177.60,$178.62,$169.80,670
06/17/2022,$175.51,12133370,$173.63,$179.65,$173.34,671
06/16/2022,$173.35,8201306,$174.00,$176.27,$171.56,672
06/15/2022,$180.11,12396040,$169.26,$183.85,$168.53,673
06/14/2022,$167.54,11555320,$169.75,$172.06,$164.28,674
06/13/2022,$169.69,10222410,$177.07,$179.09,$168.96,675
06/10/2022,$182.94,13074280,$182.64,$185.86,$180.85,676
06/09/2022,$192.77,6948967,$200.65,$201.69,$192.54,677
06/08/2022,$202.83,7244121,$197.95,$207.38,$197.64,678
06/07/2022,$198.61,4839491,$194.87,$199.60,$193.00,679
06/06/2022,$197.14,5372043,$202.09,$203.87,$195.38,680
06/03/2022,$198.98,7191775,$200.14,$202.95,$198.05,681
06/02/2022,$205.09,9623121,$192.02,$205.47,$191.72,682
06/01/2022,$192.91,8416151,$198.70,$202.74,$191.66,683
05/31/2022,$197.44,11398460,$196.18,$199.95,$190.80,684
05/27/2022,$195.19,8585987,$193.19,$195.25,$190.37,685
05/26/2022,$191.40,8049933,$186.49,$192.34,$183.09,686
05/25/2022,$187.83,8522092,$180.28,$188.87,$180.17,687
05/24/2022,$180.34,7706372,$182.00,$184.00,$177.17,688
05/23/2022,$187.44,9602027,$186.15,$187.66,$177.89,689
05/20/2022,$186.35,10429400,$185.87,$190.19,$179.77,690
05/19/2022,$183.48,10448510,$178.05,$186.30,$175.71,691
05/18/2022,$177.19,9665632,$186.72,$187.70,$176.27,692
05/17/2022,$190.56,9876685,$189.17,$191.40,$185.17,693
05/16/2022,$186.51,16145010,$193.30,$195.89,$185.70,694
05/13/2022,$187.64,13136330,$177.16,$187.77,$176.01,695
05/12/2022,$174.31,17662120,$163.96,$177.58,$162.71,696
05/11/2022,$166.37,12665520,$176.09,$180.92,$165.55,697
05/10/2022,$177.66,13883910,$176.01,$181.87,$170.57,698
05/09/2022,$173.10,14031330,$177.66,$183.20,$172.30,699
05/06/2022,$180.97,17185480,$186.75,$187.21,$175.81,700
05/05/2022,$188.32,13971330,$200.45,$200.71,$186.00,701
05/04/2022,$204.01,12218780,$197.65,$204.38,$191.01,702
05/03/2022,$199.87,11839430,$198.29,$203.20,$194.77,703
05/02/2022,$199.46,14591600,$191.71,$200.21,$190.01,704
04/29/2022,$190.36,16391890,$198.68,$204.71,$190.00,705
04/28/2022,$199.52,21363160,$191.56,$201.48,$185.60,706
04/27/2022,$188.54,22298390,$194.01,$200.19,$187.77,707
04/26/2022,$198.40,20318090,$208.80,$209.15,$198.28,708
04/25/2022,$209.91,28152050,$213.81,$216.66,$204.51,709
04/22/2022,$215.52,37515130,$220.18,$226.27,$210.05,710
04/21/2022,$218.22,53501600,$220.00,$227.68,$211.52,711
04/20/2022,$226.19,133387500,$245.20,$248.70,$212.51,712
04/19/2022,$348.61,20906890,$333.22,$351.68,$333.22,713
04/18/2022,$337.86,5105041,$340.00,$342.36,$331.62,714
04/14/2022,$341.13,4343837,$350.95,$352.00,$339.86,715
04/13/2022,$350.43,3230950,$343.92,$352.00,$341.16,716
04/12/2022,$344.10,3824261,$355.91,$359.41,$342.25,717
04/11/2022,$348.00,3777096,$350.00,$354.78,$345.20,718
04/08/2022,$355.88,4025183,$361.96,$362.50,$354.87,719
04/07/2022,$362.15,4948909,$365.00,$368.54,$353.69,720
04/06/2022,$368.35,4354885,$374.15,$376.47,$362.73,721
04/05/2022,$380.15,4234508,$389.30,$390.00,$377.31,722
04/04/2022,$391.50,7009235,$373.55,$396.02,$373.13,723
04/01/2022,$373.47,4644237,$376.80,$380.87,$368.50,724
03/31/2022,$374.59,4134720,$383.59,$384.00,$373.61,725
03/30/2022,$381.47,4023301,$389.55,$392.70,$378.63,726
03/29/2022,$391.82,5880723,$384.39,$396.50,$380.33,727
03/28/2022,$378.51,4323435,$375.23,$380.28,$366.73,728
03/25/2022,$373.85,3575953,$377.07,$377.64,$366.43,729
03/24/2022,$375.71,3888461,$379.76,$379.76,$368.90,730
03/23/2022,$374.49,3728954,$379.77,$382.46,$374.49,731
03/22/2022,$382.92,4242762,$371.14,$386.66,$366.76,732
03/21/2022,$374.59,4866463,$378.02,$381.82,$368.94,733
03/18/2022,$380.60,8324825,$372.00,$381.80,$368.47,734
03/17/2022,$371.40,5818348,$359.70,$373.31,$354.88,735
03/16/2022,$357.53,6982469,$348.20,$359.99,$343.06,736
03/15/2022,$343.75,5460640,$335.10,$345.36,$332.36,737
03/14/2022,$331.01,5907817,$338.72,$341.32,$329.82,738
03/11/2022,$340.32,4819925,$361.19,$363.36,$340.00,739
03/10/2022,$356.77,4807767,$356.20,$367.02,$353.30,740
03/09/2022,$358.79,6520186,$357.69,$364.14,$350.51,741
03/08/2022,$341.76,6428655,$349.80,$358.86,$340.67,742
03/07/2022,$350.26,5708383,$360.41,$362.00,$350.20,743
03/04/2022,$361.73,5329180,$368.00,$374.82,$357.17,744
03/03/2022,$368.07,6076836,$386.00,$386.12,$364.65,745
03/02/2022,$380.03,5356809,$388.93,$389.22,$375.21,746
03/01/2022,$386.24,3290439,$391.60,$395.00,$383.71,747
02/28/2022,$394.52,5035046,$387.33,$397.75,$382.13,748
02/25/2022,$390.80,4841636,$386.61,$391.29,$375.58,749
02/24/2022,$390.03,7068724,$355.09,$390.73,$354.72,750
02/23/2022,$367.46,4614290,$382.72,$386.00,$366.66,751
02/22/2022,$377.38,6697515,$388.95,$392.42,$373.02,752
02/18/2022,$391.29,6801668,$392.53,$402.87,$389.05,753
02/17/2022,$386.67,4669222,$394.24,$399.11,$385.70,754
02/16/2022,$398.08,5277650,$401.53,$401.56,$390.38,755
02/15/2022,$407.46,5395641,$403.79,$409.16,$401.01,756
02/14/2022,$396.57,7202155,$387.59,$409.36,$386.89,757
02/11/2022,$391.31,7558939,$405.33,$411.61,$387.65,758
02/10/2022,$406.27,8452915,$402.10,$408.00,$396.36,759
02/09/2022,$412.89,7738227,$408.65,$412.98,$398.79,760
02/08/2022,$403.53,6818543,$398.18,$406.61,$395.83,761
02/07/2022,$402.10,8232859,$410.17,$412.35,$393.55,762
02/04/2022,$410.17,7789798,$407.31,$412.77,$396.64,763
02/03/2022,$405.60,9905210,$421.44,$429.26,$404.28,764
02/02/2022,$429.48,14346010,$448.25,$451.98,$426.48,765
02/01/2022,$457.13,22568100,$432.96,$458.48,$425.54,766
01/31/2022,$427.14,20047450,$401.97,$427.70,$398.20,767
01/28/2022,$384.36,11966610,$386.76,$387.00,$372.08,768
01/27/2022,$386.70,24324750,$382.06,$394.80,$378.10,769
01/26/2022,$359.70,12683980,$378.27,$382.66,$356.62,770
01/25/2022,$366.42,15145820,$379.14,$387.71,$365.13,771
01/24/2022,$387.15,32386780,$383.91,$387.26,$351.46,772
01/21/2022,$397.50,58904270,$400.43,$409.15,$379.99,773
01/20/2022,$508.25,12658990,$517.75,$526.64,$506.93,774
01/19/2022,$515.86,4353508,$515.00,$523.21,$510.51,775
01/18/2022,$510.80,4844418,$520.08,$521.75,$508.68,776
01/14/2022,$525.69,7861109,$517.60,$538.37,$511.88,777
01/13/2022,$519.20,4475063,$537.06,$540.79,$518.26,778
01/12/2022,$537.22,3787372,$544.27,$544.27,$532.02,779
01/11/2022,$540.84,3077836,$536.99,$543.91,$530.07,780
01/10/2022,$539.85,4486145,$538.49,$543.69,$526.32,781
01/07/2022,$541.06,3382873,$549.46,$553.43,$538.22,782
01/06/2022,$553.29,5711795,$554.34,$563.36,$542.01,783
01/05/2022,$567.52,4148749,$592.00,$592.84,$566.88,784
01/04/2022,$591.15,4393135,$599.91,$600.41,$581.60,785
01/03/2022,$597.37,3068808,$605.61,$609.99,$590.56,786
12/31/2021,$602.44,1995918,$610.01,$614.08,$602.05,787
12/30/2021,$612.09,1625093,$612.99,$620.61,$611.24,788
12/29/2021,$610.54,1287513,$610.71,$613.98,$604.68,789
12/28/2021,$610.71,1884116,$614.95,$618.41,$609.69,790
12/27/2021,$613.12,2062233,$615.00,$615.00,$609.25,791
12/23/2021,$614.09,1621146,$616.40,$616.88,$607.57,792
12/22/2021,$614.24,2335745,$603.36,$614.82,$602.63,793
12/21/2021,$604.92,2319390,$597.54,$607.82,$593.86,794
12/20/2021,$593.74,3358404,$586.43,$602.88,$584.26,795
12/17/2021,$586.73,4433706,$591.61,$593.25,$581.74,796
12/16/2021,$591.06,3143217,$597.09,$602.83,$588.00,797
12/15/2021,$605.04,2866196,$598.18,$605.69,$584.51,798
12/14/2021,$597.99,2984536,$598.71,$602.29,$588.13,799
12/13/2021,$604.56,2517915,$612.00,$612.64,$599.52,800
12/10/2021,$611.66,2748774,$616.78,$617.74,$605.88,801
12/09/2021,$611.00,2376321,$627.58,$630.24,$610.44,802
12/08/2021,$628.08,2220308,$630.00,$632.46,$623.20,803
12/07/2021,$625.58,3125190,$619.83,$628.89,$611.40,804
12/06/2021,$612.69,3075672,$606.01,$617.29,$601.00,805
12/03/2021,$602.13,4829282,$622.75,$625.50,$594.00,806
12/02/2021,$616.47,3331131,$617.10,$625.36,$612.88,807
12/01/2021,$617.77,3897019,$649.48,$654.52,$617.07,808
11/30/2021,$641.90,5608919,$668.20,$675.38,$640.01,809
11/29/2021,$663.84,2529364,$663.20,$667.99,$658.29,810
11/26/2021,$665.64,2872513,$675.00,$676.41,$660.67,811
11/24/2021,$658.29,1867282,$658.01,$661.44,$651.10,812
11/23/2021,$654.06,2320917,$658.18,$666.43,$646.05,813
11/22/2021,$659.20,2765318,$676.02,$679.48,$656.47,814
11/19/2021,$678.80,2614852,$692.35,$694.16,$675.00,815
11/18/2021,$682.02,2014992,$691.61,$691.74,$679.74,816
11/17/2021,$691.69,2732831,$690.00,$700.99,$686.09,817
11/16/2021,$687.40,2077387,$678.27,$688.36,$676.90,818
11/15/2021,$679.33,2872186,$681.24,$685.26,$671.49,819
11/12/2021,$682.61,4198410,$660.01,$683.34,$653.82,820
11/11/2021,$657.58,2868311,$650.24,$665.82,$649.71,821
11/10/2021,$646.91,2405785,$653.01,$660.33,$642.11,822
11/09/2021,$655.99,2415630,$653.70,$660.50,$650.52,823
11/08/2021,$651.45,2887523,$650.29,$656.00,$643.79,824
11/05/2021,$645.72,5283488,$663.97,$665.64,$645.01,825
11/04/2021,$668.40,4865023,$685.89,$685.94,$665.50,826
11/03/2021,$688.29,2334852,$677.27,$689.39,$677.27,827
11/02/2021,$677.72,3888597,$683.11,$687.68,$673.82,828
11/01/2021,$681.17,3110911,$689.06,$689.97,$676.54,829
10/29/2021,$690.31,3825279,$673.06,$690.97,$671.24,830
10/28/2021,$674.05,2859409,$670.95,$676.80,$668.03,831
10/27/2021,$662.92,2276914,$669.00,$671.41,$661.85,832
10/26/2021,$668.52,2904840,$673.76,$676.49,$662.77,833
10/25/2021,$671.66,3833526,$663.74,$675.88,$657.07,834
10/22/2021,$664.78,6186016,$651.81,$665.46,$651.81,835
10/21/2021,$653.16,8437070,$628.89,$654.01,$628.65,836
10/20/2021,$625.14,10622000,$625.57,$637.40,$617.15,837
10/19/2021,$639.00,7633147,$636.97,$641.00,$632.30,838
10/18/2021,$637.97,4669071,$632.10,$638.41,$620.59,839
10/15/2021,$628.29,4116874,$638.00,$639.42,$625.16,840
10/14/2021,$633.80,2672535,$632.23,$636.88,$626.79,841
10/13/2021,$629.76,2424638,$632.18,$632.18,$622.10,842
10/12/2021,$624.94,3227349,$633.02,$637.66,$621.99,843
10/11/2021,$627.04,2862470,$633.20,$639.42,$626.78,844
10/08/2021,$632.66,3272093,$634.17,$643.80,$630.86,845
10/07/2021,$631.85,3556886,$642.23,$646.84,$630.45,846
10/06/2021,$639.10,4580434,$628.18,$639.87,$626.36,847
10/05/2021,$634.81,9534293,$606.94,$640.39,$606.89,848
10/04/2021,$603.35,4995932,$613.39,$626.13,$594.68,849
10/01/2021,$613.15,4090847,$604.24,$614.99,$597.51,850
09/30/2021,$610.34,6616040,$608.05,$619.00,$608.05,851
09/29/2021,$599.06,6221026,$589.01,$609.88,$588.01,852
09/28/2021,$583.85,4431051,$589.00,$599.54,$580.16,853
09/27/2021,$592.64,2504738,$587.95,$593.58,$576.93,854
09/24/2021,$592.39,2126246,$592.50,$592.98,$583.64,855
09/23/2021,$593.26,2526161,$590.79,$599.32,$589.13,856
09/22/2021,$590.65,4021845,$579.69,$595.65,$579.69,857
09/21/2021,$573.14,2250884,$578.31,$581.88,$569.37,858
09/20/2021,$575.43,3732227,$586.79,$591.53,$568.08,859
09/17/2021,$589.35,4145145,$587.85,$590.28,$580.85,860
09/16/2021,$586.50,1832028,$584.30,$587.48,$577.72,861
09/15/2021,$582.87,2755615,$578.17,$584.62,$575.37,862
09/14/2021,$577.76,3456958,$584.89,$587.28,$575.56,863
09/13/2021,$589.29,3062871,$598.57,$598.57,$582.78,864
09/10/2021,$598.72,3950764,$598.16,$609.45,$593.67,865
09/09/2021,$597.54,2954214,$606.47,$609.44,$596.55,866
09/08/2021,$606.05,5424503,$603.84,$615.60,$595.71,867
09/07/2021,$606.71,5830979,$594.69,$613.85,$593.99,868
09/03/2021,$590.53,2684005,$585.80,$591.88,$583.14,869
09/02/2021,$588.55,6184782,$583.68,$598.76,$583.68,870
09/01/2021,$582.07,5626214,$569.00,$591.00,$569.00,871
08/31/2021,$569.19,2431886,$566.12,$569.48,$561.61,872
08/30/2021,$566.18,2434839,$557.25,$567.16,$556.45,873
08/27/2021,$558.92,3252595,$551.60,$564.17,$549.25,874
08/26/2021,$550.12,1595499,$546.16,$552.60,$545.90,875
08/25/2021,$547.58,2065621,$550.16,$552.84,$545.45,876
08/24/2021,$553.41,2109525,$551.48,$555.31,$549.27,877
08/23/2021,$553.33,2602010,$545.98,$555.55,$543.74,878
08/20/2021,$546.88,3776429,$545.09,$551.39,$539.10,879
08/19/2021,$543.71,7497292,$522.74,$548.39,$521.87,880
08/18/2021,$521.87,2582046,$520.00,$526.38,$518.65,881
08/17/2021,$518.91,2309803,$515.47,$520.79,$514.20,882
08/16/2021,$517.92,2033176,$515.24,$523.38,$512.30,883
08/13/2021,$515.92,2177736,$512.64,$521.44,$511.51,884
08/12/2021,$510.72,1686170,$511.86,$513.00,$507.20,885
08/11/2021,$512.40,1673904,$517.00,$519.57,$509.77,886
08/10/2021,$515.84,1960544,$520.00,$520.79,$512.97,887
08/09/2021,$519.97,1367782,$521.15,$522.67,$517.99,888
08/06/2021,$520.55,1919798,$524.00,$526.84,$519.39,889
08/05/2021,$524.89,2556687,$517.13,$525.41,$514.02,890
08/04/2021,$517.35,2039374,$513.00,$517.98,$510.37,891
08/03/2021,$510.82,2579427,$514.39,$515.63,$505.37,892
08/02/2021,$515.15,2096632,$519.00,$519.85,$510.51,893
07/30/2021,$517.57,2537107,$512.69,$519.79,$510.96,894
07/29/2021,$514.25,1736014,$519.96,$520.78,$513.79,895
07/28/2021,$519.30,2390466,$521.82,$524.47,$516.98,896
07/27/2021,$518.91,2759037,$518.08,$521.95,$512.05,897
07/26/2021,$516.49,2254538,$514.38,$521.13,$509.01,898
07/23/2021,$515.41,3820478,$512.16,$517.41,$504.66,899
07/22/2021,$511.77,4328061,$510.21,$513.68,$507.00,900
07/21/2021,$513.63,11906790,$526.13,$530.99,$505.61,901
07/20/2021,$531.05,6930440,$526.07,$536.64,$520.30,902
07/19/2021,$532.28,3885764,$526.05,$534.91,$522.24,903
07/16/2021,$530.31,3442101,$541.81,$544.06,$527.05,904
07/15/2021,$542.95,5713873,$553.97,$557.54,$538.20,905
07/14/2021,$547.95,4659535,$541.01,$554.10,$541.01,906
07/13/2021,$540.68,2751593,$535.76,$545.33,$535.76,907
07/12/2021,$537.31,1780738,$540.30,$540.65,$532.92,908
07/09/2021,$535.98,2777231,$531.00,$538.26,$528.58,909
07/08/2021,$530.76,3268988,$530.93,$535.50,$529.09,910
07/07/2021,$535.96,2722498,$544.24,$544.64,$531.66,911
07/06/2021,$541.64,2775051,$533.00,$542.86,$533.00,912
07/02/2021,$533.98,1980316,$535.50,$538.54,$529.39,913
07/01/2021,$533.54,2805402,$525.72,$537.04,$525.72,914
06/30/2021,$528.21,2773445,$534.06,$534.38,$526.82,915
06/29/2021,$533.50,2314647,$533.55,$536.13,$528.57,916
06/28/2021,$533.03,2820227,$528.12,$533.94,$524.56,917
06/25/2021,$527.07,5299072,$528.84,$533.06,$525.00,918
06/24/2021,$518.06,3361202,$517.96,$520.96,$514.40,919
06/23/2021,$512.74,3944782,$508.48,$516.63,$508.20,920
06/22/2021,$508.82,5809271,$498.54,$513.55,$495.80,921
06/21/2021,$497.00,5277297,$501.64,$502.05,$492.28,922
06/18/2021,$500.77,5197576,$496.40,$504.49,$495.24,923
06/17/2021,$498.34,3198273,$490.25,$501.80,$490.15,924
06/16/2021,$492.41,3533206,$495.00,$496.46,$486.28,925
06/15/2021,$491.90,3104073,$501.23,$501.23,$490.40,926
06/14/2021,$499.89,4400222,$489.68,$503.50,$486.91,927
06/11/2021,$488.77,3123969,$490.00,$491.41,$487.78,928
06/10/2021,$487.27,4382928,$487.17,$490.21,$482.14,929
06/09/2021,$485.81,3055029,$494.50,$496.09,$484.65,930
06/08/2021,$492.39,2374037,$497.00,$498.82,$489.37,931
06/07/2021,$494.66,2791932,$492.92,$496.70,$490.55,932
06/04/2021,$494.74,3160487,$492.00,$501.86,$490.95,933
06/03/2021,$489.43,3887445,$495.19,$496.66,$487.25,934
06/02/2021,$499.24,2268979,$499.82,$503.22,$495.82,935
06/01/2021,$499.08,2482555,$504.01,$505.41,$497.74,936
05/28/2021,$502.81,2911297,$504.40,$511.76,$502.53,937
05/27/2021,$503.86,3253773,$501.80,$505.10,$498.54,938
05/26/2021,$502.36,2465303,$502.34,$504.14,$500.50,939
05/25/2021,$501.34,2699459,$506.00,$506.37,$499.22,940
05/24/2021,$502.90,2412595,$501.05,$504.25,$499.51,941
05/21/2021,$497.89,3322925,$503.12,$505.40,$497.26,942
05/20/2021,$501.67,3721218,$489.55,$502.70,$488.98,943
05/19/2021,$487.70,3349930,$481.63,$488.57,$478.54,944
05/18/2021,$486.28,2350496,$488.40,$493.48,$486.19,945
05/17/2021,$488.94,2701057,$485.59,$492.71,$482.81,946
05/14/2021,$493.37,2882464,$487.86,$494.85,$486.59,947
05/13/2021,$486.66,2716561,$489.13,$490.78,$482.71,948
05/12/2021,$484.98,4121540,$486.83,$493.54,$482.70,949
05/11/2021,$495.08,4401000,$479.75,$497.99,$478.63,950
05/10/2021,$486.69,5131632,$502.00,$503.15,$486.11,951
05/07/2021,$503.84,3132786,$504.62,$508.55,$501.12,952
05/06/2021,$499.55,3783698,$495.99,$499.55,$491.37,953
05/05/2021,$496.08,3129366,$504.99,$507.78,$494.63,954
05/04/2021,$503.18,4349502,$510.78,$511.63,$496.79,955
05/03/2021,$509.11,4091895,$512.65,$518.95,$505.20,956
04/30/2021,$513.47,4413242,$505.00,$514.55,$505.00,957
04/29/2021,$509.00,5127792,$507.60,$509.29,$499.00,958
04/28/2021,$506.52,3192983,$505.20,$508.40,$503.34,959
04/27/2021,$505.55,3761327,$512.62,$512.99,$504.58,960
04/26/2021,$510.30,4388839,$506.76,$510.48,$503.00,961
04/23/2021,$505.55,7314659,$509.01,$509.70,$500.70,962
04/22/2021,$508.78,9061062,$513.82,$513.96,$500.55,963
04/21/2021,$508.90,22897450,$508.00,$515.46,$503.60,964
04/20/2021,$549.57,11257650,$554.42,$563.56,$546.30,965
04/19/2021,$554.44,4288715,$546.90,$556.44,$545.53,966
04/16/2021,$546.54,3209075,$550.54,$551.98,$539.51,967
04/15/2021,$549.22,3139050,$544.17,$553.49,$542.66,968
04/14/2021,$540.02,3740294,$554.87,$554.87,$538.53,969
04/13/2021,$553.73,2720344,$557.00,$559.75,$550.30,970
04/12/2021,$552.78,2944060,$551.05,$557.98,$549.58,971
04/09/2021,$555.31,2894034,$552.69,$556.90,$547.11,972
04/08/2021,$554.58,4309829,$551.13,$556.90,$547.57,973
04/07/2021,$546.99,2151319,$543.50,$549.64,$541.45,974
04/06/2021,$544.53,3474205,$544.81,$554.17,$543.30,975
04/05/2021,$540.67,3355904,$540.01,$542.85,$529.23,976
04/01/2021,$539.42,3938637,$529.93,$540.50,$527.03,977
03/31/2021,$521.66,3503111,$515.68,$528.13,$515.44,978
03/30/2021,$513.39,2418129,$510.51,$514.41,$506.91,979
03/29/2021,$513.95,3330049,$505.66,$518.00,$504.40,980
03/26/2021,$508.05,3467797,$502.82,$508.72,$496.68,981
03/25/2021,$502.86,4926764,$516.99,$518.53,$497.00,982
03/24/2021,$520.81,4102211,$533.78,$534.42,$520.00,983
03/23/2021,$535.09,5583461,$529.87,$543.12,$529.40,984
03/22/2021,$523.11,3360587,$509.13,$529.31,$509.13,985
03/19/2021,$512.18,4386360,$504.96,$513.19,$501.63,986
03/18/2021,$504.79,4096606,$516.40,$517.90,$503.85,987
03/17/2021,$524.44,2817376,$522.00,$528.37,$514.30,988
03/16/2021,$524.03,3238888,$524.47,$533.42,$523.21,989
03/15/2021,$520.25,3485519,$516.32,$520.73,$508.03,990
03/12/2021,$518.02,3981743,$512.50,$526.51,$506.59,991
03/11/2021,$523.06,4714469,$512.21,$530.24,$510.71,992
03/10/2021,$504.54,3771484,$513.50,$518.97,$504.25,993
03/09/2021,$506.44,3470042,$507.31,$513.11,$503.82,994
03/08/2021,$493.33,3981758,$514.46,$518.84,$492.85,995
03/05/2021,$516.39,5069973,$511.98,$517.76,$498.79,996
03/04/2021,$511.29,5034792,$521.50,$531.50,$507.68,997
03/03/2021,$520.70,5362443,$545.93,$548.01,$517.81,998
03/02/2021,$547.82,3042226,$553.34,$556.99,$546.02,999
03/01/2021,$550.64,3042180,$545.57,$552.14,$542.00,1000
02/26/2021,$538.85,3755574,$546.51,$553.09,$538.00,1001
02/25/2021,$546.70,4252879,$550.27,$556.48,$535.75,1002
02/24/2021,$553.41,3245038,$539.80,$556.85,$539.07,1003
02/23/2021,$546.15,4136532,$525.00,$548.54,$518.28,1004
02/22/2021,$533.78,3078594,$534.99,$541.79,$530.79,1005
02/19/2021,$540.22,2841457,$548.00,$548.99,$538.81,1006
02/18/2021,$548.22,2457604,$549.00,$550.00,$538.23,1007
02/17/2021,$551.34,2071590,$550.99,$555.25,$543.03,1008
02/16/2021,$557.28,2624097,$557.29,$563.63,$552.73,1009
02/12/2021,$556.52,2197128,$556.94,$561.25,$550.85,1010
02/11/2021,$557.59,2730587,$564.44,$565.93,$554.22,1011
02/10/2021,$563.59,3991264,$562.50,$566.65,$553.46,1012
02/09/2021,$559.07,3703499,$546.00,$566.00,$543.00,1013
02/08/2021,$547.92,2791721,$555.00,$555.00,$543.70,1014
02/05/2021,$550.79,2376175,$552.26,$554.44,$545.48,1015
02/04/2021,$552.16,5164537,$539.81,$559.48,$537.51,1016
02/03/2021,$539.45,3172288,$550.17,$550.48,$538.24,1017
02/02/2021,$548.16,3767569,$542.01,$555.48,$538.94,1018
02/01/2021,$539.04,3547507,$536.79,$545.06,$531.73,1019
01/29/2021,$532.39,4325264,$538.00,$541.00,$530.18,1020
01/28/2021,$538.60,5968978,$535.88,$553.15,$530.74,1021
01/27/2021,$523.28,8670277,$550.71,$556.42,$515.73,1022
01/26/2021,$561.93,5023847,$554.73,$567.99,$554.06,1023
01/25/2021,$556.78,7207329,$567.00,$569.75,$548.65,1024
01/22/2021,$565.17,7550822,$582.10,$583.99,$564.35,1025
01/21/2021,$579.84,11840630,$582.45,$588.75,$570.40,1026
01/20/2021,$586.34,32637450,$565.42,$593.29,$556.86,1027
01/19/2021,$501.77,12315810,$501.00,$509.25,$493.54,1028
01/15/2021,$497.98,5895788,$500.00,$506.32,$495.10,1029
01/14/2021,$500.86,4177357,$507.35,$514.50,$499.58,1030
01/13/2021,$507.79,5032099,$495.50,$512.35,$493.01,1031
01/12/2021,$494.25,5990425,$500.00,$501.09,$485.67,1032
01/11/2021,$499.10,3812720,$507.84,$510.73,$497.95,1033
01/08/2021,$510.40,2973949,$511.31,$513.24,$504.51,1034
01/07/2021,$508.89,3686448,$508.28,$516.44,$506.42,1035
01/06/2021,$500.49,5346210,$511.97,$513.10,$499.50,1036
01/05/2021,$520.80,3133872,$521.55,$526.78,$515.89,1037
01/04/2021,$522.86,4444407,$539.00,$540.80,$515.09,1038
12/31/2020,$540.73,5392322,$525.53,$545.50,$523.15,1039
12/30/2020,$524.59,1876286,$530.13,$533.26,$523.69,1040
12/29/2020,$530.87,4022358,$519.90,$536.55,$515.48,1041
12/28/2020,$519.12,2891867,$516.43,$523.66,$507.13,1042
12/24/2020,$513.97,1143952,$515.12,$519.35,$512.21,1043
12/23/2020,$514.48,2393187,$524.76,$526.32,$514.20,1044
12/22/2020,$527.33,1908529,$527.69,$530.40,$520.50,1045
12/21/2020,$528.91,3893964,$530.05,$532.62,$521.15,1046
12/18/2020,$534.45,4502692,$533.20,$536.37,$526.02,1047
12/17/2020,$532.90,3193377,$529.00,$535.49,$526.44,1048
12/16/2020,$524.83,3682392,$520.11,$527.38,$517.69,1049
12/15/2020,$519.78,3398209,$518.50,$524.70,$513.56,1050
12/14/2020,$522.42,5770424,$505.44,$524.16,$501.18,1051
12/11/2020,$503.22,3210928,$495.00,$503.34,$494.85,1052
12/10/2020,$501.09,3018203,$494.56,$503.77,$492.91,1053
12/09/2020,$493.60,4178768,$510.53,$514.50,$491.29,1054
12/08/2020,$512.66,4228950,$517.90,$521.49,$505.55,1055
12/07/2020,$515.78,4289293,$500.01,$517.76,$497.77,1056
12/04/2020,$498.31,3666243,$497.50,$504.50,$493.64,1057
12/03/2020,$497.52,2826116,$502.99,$508.77,$496.04,1058
12/02/2020,$503.38,3028358,$501.62,$506.80,$493.50,1059
12/01/2020,$504.58,5063234,$492.34,$509.47,$491.98,1060
11/30/2020,$490.70,3530940,$490.08,$492.55,$481.27,1061
11/27/2020,$491.36,2805762,$486.58,$493.25,$481.85,1062
11/25/2020,$485.00,3598629,$485.13,$486.90,$478.92,1063
11/24/2020,$482.88,3557894,$478.84,$484.05,$475.89,1064
11/23/2020,$476.62,5416571,$490.46,$491.15,$475.84,1065
11/20/2020,$488.24,4255924,$485.22,$494.76,$481.57,1066
11/19/2020,$484.67,2254653,$482.00,$487.80,$480.47,1067
11/18/2020,$481.79,3629237,$481.95,$488.61,$477.72,1068
11/17/2020,$480.63,3698082,$480.12,$487.51,$478.85,1069
11/16/2020,$479.10,3953563,$480.00,$485.58,$477.30,1070
11/13/2020,$482.84,3006510,$486.77,$488.94,$477.80,1071
11/12/2020,$486.77,5071155,$491.00,$496.52,$480.43,1072
11/11/2020,$490.76,5460532,$483.00,$491.68,$478.26,1073
11/10/2020,$480.24,8306142,$470.95,$484.60,$463.41,1074
11/09/2020,$470.50,10419680,$485.54,$495.85,$467.26,1075
11/06/2020,$514.73,4236349,$515.00,$515.21,$502.51,1076
11/05/2020,$513.76,5372781,$506.56,$518.73,$503.45,1077
11/04/2020,$496.95,5137330,$495.36,$507.73,$493.98,1078
11/03/2020,$487.22,3690213,$484.93,$495.31,$478.76,1079
11/02/2020,$484.12,4408193,$478.87,$486.30,$475.00,1080
10/30/2020,$475.74,7813897,$502.01,$505.88,$472.21,1081
10/29/2020,$504.21,11120690,$488.50,$513.90,$479.34,1082
10/28/2020,$486.24,5992731,$486.36,$494.00,$483.28,1083
10/27/2020,$488.93,3627175,$490.01,$490.49,$482.93,1084
10/26/2020,$488.24,6186087,$487.03,$496.82,$478.90,1085
10/23/2020,$488.28,4927862,$488.11,$490.06,$481.35,1086
10/22/2020,$485.23,6997922,$494.69,$495.14,$482.00,1087
10/21/2020,$489.05,17405710,$501.03,$506.85,$488.25,1088
10/20/2020,$525.42,10047180,$528.14,$533.78,$522.26,1089
10/19/2020,$530.72,7567506,$537.07,$541.80,$525.38,1090
10/16/2020,$530.79,6347363,$549.50,$554.33,$530.03,1091
10/15/2020,$541.94,5113126,$545.52,$551.22,$535.10,1092
10/14/2020,$541.45,9510081,$562.61,$572.49,$541.00,1093
10/13/2020,$554.09,5602498,$540.56,$557.65,$537.20,1094
10/12/2020,$539.81,5391074,$548.81,$551.81,$538.24,1095
10/09/2020,$539.44,4781259,$537.83,$544.28,$535.00,1096
10/08/2020,$531.79,5386488,$533.48,$535.00,$524.15,1097
10/07/2020,$534.66,7988683,$518.00,$536.49,$515.82,1098
10/06/2020,$505.87,4199034,$518.72,$521.82,$504.16,1099
10/05/2020,$520.65,4088069,$506.80,$520.99,$501.70,1100
10/02/2020,$503.06,6071165,$516.43,$526.37,$502.70,1101
10/01/2020,$527.51,8153710,$506.03,$529.55,$503.60,1102
09/30/2020,$500.03,4634111,$492.57,$504.63,$489.27,1103
09/29/2020,$493.48,3543193,$489.50,$496.29,$486.53,1104
09/28/2020,$490.65,4773497,$489.11,$492.00,$477.88,1105
09/25/2020,$482.88,3769436,$474.39,$484.87,$468.03,1106
09/24/2020,$473.08,3727201,$470.53,$477.00,$467.82,1107
09/23/2020,$470.61,3726423,$491.04,$491.04,$469.00,1108
09/22/2020,$491.17,3482324,$489.01,$491.82,$479.26,1109
09/21/2020,$487.35,5457539,$467.69,$487.78,$466.32,1110
09/18/2020,$469.96,6717711,$472.51,$479.40,$458.60,1111
09/17/2020,$470.20,5379301,$475.16,$478.40,$463.27,1112
09/16/2020,$483.86,4401412,$499.99,$504.66,$483.31,1113
09/15/2020,$495.99,5336992,$484.00,$497.47,$481.63,1114
09/14/2020,$476.26,7359126,$480.62,$488.99,$471.30,1115
09/11/2020,$482.03,5035200,$486.49,$493.73,$476.81,1116
09/10/2020,$480.67,6240181,$503.35,$506.29,$478.84,1117
09/09/2020,$500.19,6848127,$519.21,$520.00,$492.57,1118
09/08/2020,$507.02,5572684,$498.40,$522.00,$495.00,1119
09/04/2020,$516.05,8270118,$520.18,$527.36,$485.98,1120
09/03/2020,$525.75,9071089,$545.00,$554.00,$521.32,1121
09/02/2020,$552.84,5886930,$553.78,$556.50,$537.37,1122
09/01/2020,$556.55,9581907,$532.60,$557.39,$532.45,1123
08/31/2020,$529.56,4941409,$521.16,$531.99,$517.58,1124
08/28/2020,$523.89,4417517,$532.00,$539.00,$522.00,1125
08/27/2020,$526.27,9062912,$537.78,$541.00,$521.25,1126
08/26/2020,$547.53,20373680,$492.50,$549.04,$492.08,1127
08/25/2020,$490.58,5727721,$488.19,$492.47,$485.09,1128
08/24/2020,$488.81,4762183,$495.44,$501.00,$483.16,1129
08/21/2020,$492.31,3921293,$496.46,$498.13,$490.00,1130
08/20/2020,$497.90,5132480,$484.69,$498.94,$483.89,1131
08/19/2020,$484.53,3156218,$493.93,$494.50,$483.50,1132
08/18/2020,$491.87,3505518,$484.35,$495.30,$482.80,1133
08/17/2020,$482.35,2423545,$484.19,$486.24,$479.10,1134
08/14/2020,$482.68,2943487,$482.82,$488.33,$480.21,1135
08/13/2020,$481.33,3008933,$478.40,$484.45,$476.45,1136
08/12/2020,$475.47,5441243,$471.34,$482.49,$470.18,1137
08/11/2020,$466.93,7329226,$479.75,$480.92,$466.55,1138
08/10/2020,$483.38,4691185,$493.35,$497.46,$478.63,1139
08/07/2020,$494.73,5910348,$505.45,$508.29,$486.68,1140
08/06/2020,$509.08,3725861,$504.11,$510.82,$498.70,1141
08/05/2020,$502.11,4313526,$508.68,$510.10,$501.20,1142
08/04/2020,$509.64,5607968,$498.65,$510.44,$498.65,1143
08/03/2020,$498.62,5876190,$490.86,$503.09,$490.23,1144
07/31/2020,$488.88,5924310,$488.29,$494.80,$484.50,1145
07/30/2020,$485.80,6608569,$480.71,$488.35,$477.51,1146
07/29/2020,$484.48,6611769,$492.25,$494.92,$484.13,1147
07/28/2020,$488.51,5986727,$496.02,$497.79,$487.76,1148
07/27/2020,$495.65,7863069,$484.51,$496.92,$482.31,1149
07/24/2020,$480.45,7746247,$468.77,$487.17,$467.54,1150
07/23/2020,$477.58,7722034,$491.13,$491.90,$472.02,1151
07/22/2020,$489.82,6954078,$492.19,$497.20,$487.20,1152
07/21/2020,$490.10,9127218,$506.00,$506.22,$488.61,1153
07/20/2020,$502.41,11940310,$489.14,$504.50,$484.20,1154
07/17/2020,$492.99,24991350,$494.87,$503.59,$484.14,1155
07/16/2020,$527.39,24498990,$526.48,$535.54,$504.36,1156
07/15/2020,$523.26,10066650,$516.30,$529.00,$510.18,1157
07/14/2020,$524.88,15083300,$517.08,$525.50,$490.49,1158
07/13/2020,$525.50,18399020,$567.98,$575.37,$520.96,1159
07/10/2020,$548.73,21605590,$519.73,$555.88,$511.28,1160
07/09/2020,$507.76,5840541,$508.40,$510.00,$495.78,1161
07/08/2020,$502.78,5691682,$498.58,$505.10,$493.81,1162
07/07/2020,$493.16,5669870,$497.31,$504.82,$490.83,1163
07/06/2020,$493.81,7838990,$480.77,$499.50,$479.80,1164
07/02/2020,$476.89,6351485,$485.64,$492.28,$475.53,1165
07/01/2020,$485.64,9705870,$454.00,$488.23,$454.00,1166
06/30/2020,$455.04,4198545,$450.02,$457.59,$447.00,1167
06/29/2020,$447.24,4843978,$445.23,$447.67,$432.14,1168
06/26/2020,$443.40,6804726,$466.39,$468.03,$442.24,1169
06/25/2020,$465.91,4134513,$458.86,$467.01,$454.00,1170
06/24/2020,$457.85,4826191,$468.54,$472.36,$454.00,1171
06/23/2020,$466.26,5948436,$466.50,$474.01,$464.50,1172
06/22/2020,$468.04,6272105,$455.01,$468.59,$454.21,1173
06/19/2020,$453.72,5933651,$449.12,$453.97,$445.60,1174
06/18/2020,$449.87,4277627,$448.73,$452.76,$442.80,1175
06/17/2020,$447.77,6529568,$441.82,$450.46,$439.22,1176
06/16/2020,$436.13,5514016,$425.76,$437.96,$425.18,1177
06/15/2020,$425.50,4471499,$421.40,$426.49,$415.42,1178
06/12/2020,$418.07,6461127,$429.00,$434.06,$412.45,1179
06/11/2020,$425.56,7462868,$428.20,$445.57,$424.16,1180
06/10/2020,$434.48,4896893,$436.00,$439.69,$430.55,1181
06/09/2020,$434.05,6796999,$421.65,$434.73,$420.31,1182
06/08/2020,$419.49,5851453,$416.00,$420.80,$406.50,1183
06/05/2020,$419.60,5099561,$407.29,$420.24,$404.25,1184
06/04/2020,$414.33,5410529,$422.39,$428.71,$410.03,1185
06/03/2020,$421.97,4316044,$426.95,$427.10,$418.05,1186
06/02/2020,$427.31,3494801,$425.87,$427.59,$419.46,1187
06/01/2020,$425.92,3748573,$418.83,$426.72,$415.98,1188
05/29/2020,$419.73,5270484,$417.46,$420.30,$411.85,1189
05/28/2020,$413.44,5660160,$417.24,$422.37,$411.50,1190
05/27/2020,$419.89,10446340,$410.38,$420.02,$397.86,1191
05/26/2020,$414.77,7881115,$427.77,$428.50,$413.14,1192
05/22/2020,$429.32,5422334,$437.00,$439.09,$427.18,1193
05/21/2020,$436.25,9117325,$448.56,$448.96,$430.25,1194
05/20/2020,$447.67,5607257,$454.25,$455.81,$444.00,1195
05/19/2020,$451.04,4810487,$453.40,$458.97,$450.47,1196
05/18/2020,$452.58,7780309,$451.16,$456.36,$443.35,1197
05/15/2020,$454.19,7243998,$440.70,$455.00,$437.51,1198
05/14/2020,$441.95,9007467,$444.90,$452.38,$432.82,1199
05/13/2020,$438.27,7014563,$435.69,$447.00,$427.27,1200
05/12/2020,$431.82,4598211,$442.00,$444.17,$431.36,1201
05/11/2020,$440.52,5486037,$436.33,$444.89,$435.56,1202
05/08/2020,$435.55,5054308,$434.14,$442.00,$433.64,1203
05/07/2020,$436.53,5650281,$436.89,$438.88,$430.66,1204
05/06/2020,$434.26,6660737,$429.30,$439.77,$426.39,1205
05/05/2020,$424.68,6286293,$427.56,$431.00,$421.56,1206
05/04/2020,$428.15,7799058,$417.78,$428.54,$414.87,1207
05/01/2020,$415.27,8299858,$415.10,$427.97,$411.73,1208
04/30/2020,$419.85,7953975,$410.31,$424.44,$408.00,1209
04/29/2020,$411.89,9693137,$399.53,$415.86,$393.60,1210
04/28/2020,$403.83,10101230,$419.99,$421.00,$402.91,1211
04/27/2020,$421.38,6277480,$425.00,$429.00,$420.84,1212
04/24/2020,$424.99,8670362,$425.00,$427.17,$415.88,1213
04/23/2020,$426.70,13952330,$419.26,$438.41,$419.26,1214
04/22/2020,$421.42,21123770,$429.73,$433.00,$413.00,1215
04/21/2020,$433.83,23177550,$444.77,$447.00,$425.60,1216
04/20/2020,$437.49,12655820,$435.17,$444.49,$430.56,1217
04/17/2020,$422.96,12616260,$431.00,$432.00,$414.70,1218
04/16/2020,$439.17,16128670,$437.00,$449.52,$431.61,1219
04/15/2020,$426.75,13561220,$413.00,$434.98,$412.25,1220
04/14/2020,$413.55,11580980,$397.50,$417.82,$394.85,1221
04/13/2020,$396.72,11692920,$371.31,$400.51,$367.70,1222
04/09/2020,$370.72,7711296,$371.06,$372.10,$363.03,1223
04/08/2020,$371.12,6908879,$374.01,$378.39,$368.31,1224
04/07/2020,$372.28,7046438,$380.00,$381.33,$369.34,1225
04/06/2020,$379.96,8183921,$365.22,$380.29,$361.71,1226
04/03/2020,$361.76,4860768,$367.47,$370.90,$357.51,1227
04/02/2020,$370.08,4592477,$364.08,$370.99,$360.06,1228
04/01/2020,$364.08,6672454,$376.05,$380.23,$361.02,1229
03/31/2020,$375.50,9366464,$367.93,$383.01,$366.44,1230
03/30/2020,$370.96,8621964,$363.00,$377.80,$361.17,1231
03/27/2020,$357.12,7948775,$359.09,$368.56,$353.00,1232
03/26/2020,$362.99,7235016,$344.00,$363.84,$341.73,1233
03/25/2020,$342.39,8767171,$361.02,$362.00,$339.17,1234
03/24/2020,$357.32,11638680,$369.99,$372.93,$353.03,1235
03/23/2020,$360.27,13449380,$347.89,$366.11,$340.88,1236
03/20/2020,$332.83,10853850,$342.31,$350.49,$332.00,1237
03/19/2020,$332.03,10615960,$324.33,$348.51,$316.82,1238
03/18/2020,$315.47,12593650,$302.40,$331.58,$300.00,1239
03/17/2020,$319.75,10013910,$306.19,$322.90,$290.25,1240
03/16/2020,$298.84,10559940,$306.63,$334.35,$294.75,1241
03/13/2020,$336.30,9458197,$330.51,$336.42,$307.39,1242
03/12/2020,$315.25,12071590,$326.50,$335.72,$307.32,1243
03/11/2020,$349.92,6058782,$358.92,$362.98,$344.79,1244
03/10/2020,$364.13,7604444,$356.43,$364.54,$347.85,1245
03/09/2020,$346.49,7405458,$343.86,$357.47,$341.72,1246
03/06/2020,$368.97,8147165,$367.70,$371.31,$356.85,1247
03/05/2020,$372.78,8746985,$381.00,$391.40,$368.64,1248
03/04/2020,$383.79,5487340,$377.77,$384.01,$370.51,1249
03/03/2020,$368.77,8364623,$381.03,$393.52,$367.40,1250
03/02/2020,$381.05,6997891,$373.11,$381.36,$364.50,1251
02/28/2020,$369.03,11178570,$364.21,$376.77,$356.80,1252
02/27/2020,$371.71,10967700,$371.46,$391.56,$370.60,1253
02/26/2020,$379.24,8961126,$366.31,$382.00,$365.00,1254
02/25/2020,$360.09,6481243,$372.00,$375.65,$357.72,1255
02/24/2020,$368.70,6936418,$364.76,$372.82,$361.00,1256